# chữ Hán → âm Hán-Việt ('|' ngăn cách nếu đa âm, âm đầu = mặc định).
# Nguồn: github.com/ph0ngp/hanviet-pinyin-words (MIT) + Unihan kTraditionalVariant
# (giản thể hợp nhất cả âm của dạng phồn thể). Sinh bởi build_hv3.py 2026-07.
⻏	ấp
㐷	mạ
㑩	la
㑺	tuấn
㒸	toại
㖊	tầm
㖞	oai
㛀	trâu
㟥	sâm
㤭	kiêu
㤽	trù
㥯	ẩn
㧑	huy
㧛	lãm
㧟	khối
㧰	lịch
㨪	hoảng
㱩	độc
㳽	my
㴋	tiêu
㶉	khê
㺍	tân
䁖	lâu
䅟	sam
䇲	sách
䉤	tẩu
䌷	trừu
䌸	truyện
䌹	quýnh
䌽	thái
䍁	toại
䐪	tuyến
䒿	liêu
䓕	vĩ
䓖	cùng
䓨	oanh
䗖	đế
䙓	bãi
䜣	hân
䜩	yến
䝙	sơ
䦆	cuốc
䩄	điển
䯄	qua
䲟	ấn
䲠	xuân
䴕	liệt
䴘	đề
䴙	tịch
䶮	yểm
一	nhất
丁	đinh
丂	khảo
七	thất
丄	thượng
丅	hạ
万	mặc|vạn
丈	trượng
三	tam
上	thướng|thượng
下	hạ
丌	cơ|kỳ
不	bất
与	dư|dữ|dự
丏	miễn
丐	cái
丑	sửu|xú
专	chuyên
且	thả
丕	phi
世	thế
丗	thế
丘	khâu
丙	bính
业	nghiệp
丛	tùng
东	đông
丝	tơ
丞	thừa
丟	đâu
両	lưỡng
丢	đâu
丣	dậu
两	lưỡng|lượng|lạng
严	nghiêm
並	tịnh|tính
丧	tang|táng
丨	cổn
丩	cưu
个	cá
丫	nha
中	trung|trúng
丮	kịch
丰	phong
丱	quán
串	xuyến
丳	sạn
临	lâm
丵	trác
丶	chủ
丸	hoàn
丹	đan
为	vi|vị|vì
主	chủ|chúa
丼	đảm|tỉnh
丽	ly|lệ
举	cử
丿	phẩy|triệt
乀	phật|phất
乂	nghệ
乃	nãi
久	cửu
乆	cửu
乇	thác|trách
么	yêu|ma
义	nghĩa
之	chi
乌	ô
乍	sạ
乎	hồ
乏	phạp
乐	lạc|nhạc
乑	chúng
乒	binh
乓	bàng
乔	kiều
乕	hổ
乖	quai
乗	thừa
乘	thừa|thặng
乙	ất
乚	ất
乜	khiết|mị
九	cửu
乞	khất
也	dã
习	tập
乡	hương
乢	cái
书	thư
乩	kê
买	mãi
乱	loạn
乳	nhũ
乴	tích
乹	càn|kiền|can
乾	càn|kiền|can
亀	quy
亁	can
亂	loạn
亄	ý
亅	quyết
了	liễu|liêu
予	dư|dữ
争	tranh
亊	sự
事	sự
二	nhị
亍	xúc
于	vu|ư|hu|ô
亏	khuy
云	vân
互	hỗ
五	ngũ
井	tỉnh
亙	cắng
亚	á
些	ta
亜	á
亝	tề
亞	á
亟	gấp|khí
亠	đầu
亡	vong
亢	kháng
交	giao
亥	hợi
亦	diệc
产	sản
亨	hanh
亩	mẫu
享	hưởng
京	kinh
亭	đình
亮	lượng
亯	hanh
亱	dạ
亲	thân|thấn
亳	bạc
亵	tiết
亶	đản
亸	đả
亹	mên|môn|vỉ|vĩ
人	nhân
亻	nhân
亼	tập
亾	vong
亿	ức
什	thậm|thập
仁	nhân
仂	lặc
仃	đinh
仄	trắc
仅	cận
仆	bộc
仇	cừu|thù
仉	chưởng
今	kim
介	giới
仌	băng
仍	nhưng
从	tòng|tùng
仏	phật
仑	luân
仓	thương|thảng
仔	tể|tử
仕	sĩ
他	tha
仗	trượng
付	phó
仙	tiên
仝	đồng
仞	nhận
仟	thiên
仡	ngật
代	đại
令	lệnh
以	dĩ
仨	ta
仪	nghi
仫	mu
们	môn
仮	giả
仰	ngưỡng
仲	trọng
仳	tỷ
仵	ngỗ
件	kiện
价	giá|giới
任	nhâm|nhiệm
份	phần
仿	phỏng|phảng
伀	chung
企	xí
伄	điếu
伇	dịch
伈	tẩm
伉	kháng
伊	y
伋	cấp
伍	ngũ
伎	kỹ
伏	phục
伐	phạt
休	hưu
伕	phu
众	chúng
优	ưu
伙	hoả
会	hội|cối
伛	ủ
伝	truyền
伞	tản
伟	vĩ
传	truyền|truyện
伣	khiếm
伤	thương
伥	trành
伦	luân
伧	sanh
伪	nguỵ
伫	trữ
伯	bá|bách
估	cổ
伱	nễ
伲	nễ
伴	bạn
伶	linh
伸	thân
伺	tứ|tí
伻	bình
似	tự|tựa
伽	già
伾	phi
佀	tự
佃	điền
但	đãn
佇	trữ
佈	bố
佉	khư
佌	thử
位	vị
低	đê
住	trú|trụ
佐	tá
佑	hựu
体	thể
佔	chiếm
何	hà
佗	đà
佘	xà
余	dư
佚	dật|điệt
佛	phật
作	tác
佝	câu
佞	nịnh
佟	đồng
你	nễ
佢	cừ
佣	dong|dung
佤	ngoã
佥	thiêm
佧	kha
佩	bội
佪	hồi
佬	lão
佯	dương
佰	bách
佳	giai
佴	nhị
併	tính
佶	cát
佷	hận
佸	quát
佹	quỷ
佺	thuyên
佻	khiêu
佼	giảo
佽	thứ
佾	dật
使	sử|sứ
侀	hinh
侁	thân
侂	thác
侃	khản
侄	điệt
侅	cai
來	lai
侇	di
侈	xỉ
侉	khoa
例	lệ
侌	âm
侍	thị
侏	chu
侐	tuất
侑	hựu
侔	mâu
侖	luân
侗	động|đồng|thống|thông
侘	sá
侚	tuẫn
供	cung|cúng
侜	chu
依	y
侠	hiệp
価	giá
侣	lữ
侥	kiểu|nghiêu
侦	trinh
侧	trắc
侨	kiều
侩	khoái
侪	sài
侬	nùng
侮	vũ
侯	hầu
侵	xâm
侶	lữ
侷	cục
侹	đĩnh
便	tiện
俁	vũ
係	hệ
促	xúc
俄	nga
俅	cầu
俉	ngộ
俊	tuấn
俍	lương
俎	trở
俏	tiếu
俐	lợi
俑	dũng
俓	kính
俔	khiếm
俗	tục
俘	phu
俚	lý
俛	miễn|phủ
俜	binh
保	bảo
俞	du|dũ
俟	sĩ
俠	hiệp
信	tín
俣	vũ
俦	trù
俨	nghiễm
俩	lưỡng
俪	lệ
俭	kiệm
修	tu
俯	phủ
俱	câu
俳	bài|bồi
俴	kiến
俵	biểu
俶	thục
俷	phị
俸	bổng
俺	yêm
俻	bị
俾	tỷ
倀	trành
倂	tính
倅	thối
倆	lưỡng
倉	thương|thảng
個	cá
倌	quan
倍	bội
倏	thúc
倐	thúc
們	môn
倒	đảo|đáo
倓	đàm
倔	quật
倖	hãnh
倘	thảng
候	hậu
倚	ỷ
倜	thích
倝	cán
倞	kính|lượng
借	tá|tạ|tịch
倡	xướng
倢	tiệp
倣	phỏng|phảng
値	trị
倥	không
倦	quyện
倨	cứ
倩	thiến
倪	nghê
倫	luân
倬	trác
倭	oa|nuỵ
倮	loã|khoả
倶	câu
倷	nãi
倸	thải
倹	kiệm
债	trái
值	trị
倽	xá
倾	khuynh
偁	xưng
偃	yển
假	giả|giá
偈	kệ|khế
偉	vĩ
偌	nhạ
偎	ôi
偏	thiên
偓	ốc
偕	giai
偘	khản
做	tố
停	đình
偝	bội
偟	hoàng
偢	thiễu
健	kiện
偨	sai
偩	phụ
偪	bức
偫	trĩ
偬	tổng
偭	diện
偯	ỷ
偰	tiết
偲	ti
側	trắc
偵	trinh
偶	ngẫu
偷	thâu
偸	thâu
偺	ta
偻	lâu|lũ
偽	nguỵ
偾	phẫn
偿	thường
傀	khôi|quỷ
傅	phó|phụ
傈	lật
傌	mạ
傍	bàng|bạng
傎	điên
傑	kiệt
傒	hề
傓	phiến
傔	khiểm
傕	quyết
傖	sanh
傘	tản
備	bị
傚	hiệu
傜	dao
傞	thoa
傢	gia
傣	thái
傥	thảng
傧	tân
储	trữ
傩	na
催	thôi
傭	dong|dung
傮	tao
傯	tổng
傲	ngạo
傳	truyền|truyện
傴	ủ
債	trái
傷	thương
傺	sế
傻	xoạ
傾	khuynh
僂	lâu|lũ
僃	bị
僄	phiêu
僅	cận
僇	lục
僉	thiêm
僊	tiên
働	động
僎	soạn
像	tượng
僑	kiều
僔	tổn
僕	bộc
僖	hy
僚	liêu
僝	sàn
僞	nguỵ
僣	tiếm
僤	đản
僥	kiểu|nghiêu
僦	tựu
僧	tăng
僨	phẫn
僩	giản
僬	tiêu
僭	tiếm
僮	tráng|đồng
僰	bặc
僱	cố
僳	túc
僴	giản
僵	cương
價	giá|giới
僻	tích
僾	ái
僿	tái
儀	nghi
儁	tuấn
儂	nùng
儃	thản
億	ức
儅	đang
儆	cảnh
儇	huyên
儈	khoái
儉	kiệm
儊	sứ
儋	đam
儌	kiêu
儍	xoạ
儎	tải|tái
儐	tân
儒	nho
儓	đài
儔	trù
儕	sài
儗	nghĩ
儘	tận
儜	ninh
儞	nễ
償	thường
儡	lỗi
儤	bạo
儩	tứ
優	ưu
儭	sấn
儱	lũng
儲	trữ
儳	sàm
儵	thúc
儷	lệ
儸	la
儹	toản
儺	na
儻	thảng
儼	nghiễm
儽	luy
儿	nhân|nhi
兀	ngột
允	duẫn
元	nguyên
兄	huynh
充	sung
兆	triệu
兇	hung
先	tiên
光	quang
克	khắc
兌	đoái
免	miễn|vấn
兎	thỏ
児	nhi
兑	đoái
兒	nhi
兔	thỏ
兕	huỷ
兖	duyện
兗	duyện
兙	thập khắc
党	đảng
兛	thiên khắc
兜	đâu
兟	sân
兢	căng
入	nhập
內	nội
全	toàn
兩	lưỡng|lượng|lạng
兪	du
八	bát
公	công
六	lục
兮	hề
兰	lan
共	cộng
兲	thiên
关	quan
兴	hưng|hứng
兵	binh
其	kỳ
具	cụ
典	điển
兹	tư|từ
养	dưỡng
兼	kiêm
兽	thú
冀	ký
冁	sản
冂	quynh
冃	mạo
冄	nhiễm
内	nội
円	viên
冇	mão
冈	cương
冉	nhiễm
冊	sách
冋	quynh
册	sách
再	tái
冏	quýnh
冐	mạo
冑	trụ
冒	mạo
冓	cấu
冔	hu
冕	miện
冖	mịch
冗	nhũng
冘	dâm
写	tả
军	quân
农	nông
冞	my
冠	quán|quan
冡	mông
冢	trủng
冣	tối
冤	oan
冥	minh
冪	mịch
冫	băng
冬	đông
冯	phùng|bằng
冰	băng
冱	hộ
冲	xung
决	quyết
况	huống
冶	dã
冷	lạnh
冻	đông
冽	liệt
净	tịnh
凄	thê
准	chuẩn
凇	tùng
凈	tịnh
凉	lương|lượng
凊	sảnh
凋	điêu
凌	lăng
凍	đông
减	giảm
凑	thấu
凓	lật
凔	sương
凛	lẫm
凜	lẫm
凝	ngưng
凟	độc
几	cơ|ky|kỷ
凡	phàm
凢	phàm
凤	phượng
凥	cư
処	xử
凫	phù
凭	bằng
凯	khải
凰	hoàng
凱	khải
凳	đắng
凴	bằng
凵	khảm
凶	hung
凸	đột
凹	ao
出	xuất
击	kích
凼	đãng
函	hàm
凿	tạc
刀	đao
刁	điêu
刂	đao
刃	nhận
分	phân|phận|phần
切	tiếp|thiết
刈	ngải
刊	san
刌	thiển
刍	sô
刎	vẫn
刑	hình
划	hoa|hoạch
刓	ngoan
刖	ngoạt
列	liệt
刘	lưu
则	tắc
刚	cương
创	thương|sang|sáng
刜	phất
初	sơ
删	san
判	phán
別	biệt
刦	kiếp
刧	kiếp
刨	bào
利	lợi
刪	san
别	biệt
刬	sản
刭	hĩnh
刮	quát
到	đáo
刱	thương|sang|sáng
刲	khuê
刳	khô
刴	đoá
刵	nhĩ
制	chế
刷	xoát|loát
券	khoán
刹	sát|sa
刺	thích|thứ
刻	khắc
刼	kiếp
刽	quái
刾	thích
刿	quế
剀	khải
剁	đoá
剂	tễ
剃	thế
剄	hĩnh
剅	lâu
則	tắc
剉	toả
削	tước
剋	khắc
剌	lạt
前	tiền
剎	sát|sa
剏	sáng
剐	quả
剑	kiếm
剒	thố
剔	dịch
剕	phí
剖	phẫu
剗	sản
剙	sáng
剚	tứ
剛	cương
剜	oan
剝	bác
剞	kỷ
剟	xuyết
剡	diệm
剣	kiếm
剤	tễ
剥	bác
剧	kịch
剩	thặng
剪	tiễn
剮	quả
副	phó|bộ
剰	thặng
割	cắt
剳	tráp
剴	khải
創	thương|sang|sáng
剷	sản
剹	lục
剺	ly
剽	phiêu
剿	tiễu
劂	quyết
劃	hoạch
劄	trát|tráp
劇	kịch
劈	phách
劉	lưu
劊	quái
劌	quế
劍	kiếm
劐	hoát
劑	tễ
劒	kiếm
劓	nhị|tị
劖	thiền
劘	my
劙	ly
力	lực
劝	khuyến
办	biện
功	công
加	gia
务	vụ
劢	mại
劣	liệt
劦	hiệp
动	động
助	trợ
努	nỗ
劫	kiếp
劬	cù
劭	thiệu
励	lệ
劲	kình|cứng|kính
劳	lao|lạo
労	lao
劵	quyển
効	hiệu
劻	khuông
劼	cật
劾	hặc
势	thế
勁	kình|cứng|kính
勃	bột
勅	sắc
勇	dũng
勉	miễn|mẫn
勋	huân
勌	quyện
勍	kình
勐	mãnh
勑	sắc
勒	lặc
勔	miễn
動	động
勖	húc
勗	húc
勘	khám
務	vụ
勚	duệ
勛	huân
勝	thắng
勞	lao|lạo
募	mộ
勠	lục
勢	thế
勣	tích
勤	cần
勦	tiễu
勧	cần
勩	duệ
勯	đan
勰	hiệp
勱	mại
勲	huân
勳	huân
勵	lệ
勷	nhương
勸	khuyến
勹	bao
勺	thược
勻	quân
勾	câu|cấu
勿	vật
匀	quân
匃	cái
匄	cái
包	bao
匆	thông
匈	hung
匉	phanh
匊	cúc
匋	đào
匍	bồ
匏	bào
匐	bặc
匑	cung
匔	cung
匕	chuỷ
化	hoa|hoá
北	bắc
匙	thi
匚	phương
匜	di
匝	táp
匟	kháng
匠	tượng
匡	khuông
匣	hạp
匦	quỹ
匧	kiếp
匪	phỉ
匭	quỹ
匮	quỹ
匯	hối
匱	quỹ
匳	liêm
匴	toán
匵	độc
匶	cữu
匸	hệ
匹	thất|thớt
区	âu|khu
医	y
匽	yển
匾	biển
匿	nặc
區	âu|khu
十	thập
卂	tín
千	thiên
卄	nhập
卅	tạp
卆	tốt
升	thăng
午	ngọ
卉	huỷ
半	bán
卋	thế
卌	tấp
卍	vạn
华	hoa|hoá
协	hiệp
卐	vạn
卑	ti
卒	thốt|tốt|tuất
卓	trác
協	hiệp
单	thiện|thiền|đơn|đan
卖	mại
南	nam
博	bác
卜	bốc|bặc
卝	quán|khoáng
卞	biện
卟	kê
占	chiêm|chiếm
卡	ca|tạp|khải
卢	lô
卣	dữu
卤	lỗ
卦	quái
卨	tiết
卩	tiết
卫	vệ
卬	ngang
卮	chi
卯	mão
印	ấn
危	nguy
卲	thiệu
即	tức
却	khước
卵	noãn
卷	cuộn|quyển|cuốn
卸	tá
卹	tuất
卻	khước
卼	ngột
卽	tức
卿	khanh
厀	tất
厂	hán|xưởng
厄	ách
厅	sảnh|thính
历	lịch
厉	lệ
压	áp
厌	yếm
厍	xá
厎	chỉ
厐	bàng
厓	nhai
厔	chất
厕	xí
厖	bàng
厘	ly
厙	xá
厚	hậu
厜	tuy
厝	thố
厞	phi
原	nguyên
厠	xí
厢	sương
厣	áp
厤	lịch
厥	quyết
厦	hạ
厨	trù
厩	cứu
厪	cận|cẩn|cần
厭	yếm
厮	tư
厰	xưởng
厲	lệ
厳	nghiêm
厴	áp
厶	mỗ|khư
厷	quăng|hoành
厹	cầu|nhu
厺	khứ
去	khứ|khử
厾	đâu
县	huyện
叁	tam
参	tam|tham|sâm
參	tam|tham|sâm
叄	tam
叅	tham
叆	ái
叇	đãi
又	hựu
叉	xoa
及	cập
友	hữu
双	song
反	phản
収	thâu
发	phát
叒	nhược
叔	thúc
叕	chuyết
取	thủ
受	thọ
变	biến
叙	tự
叚	giả
叛	phản
叟	tẩu
叠	điệp
叡	duệ
叢	tùng
口	khẩu
古	cổ
句	câu|cú
另	lánh
叨	đao|thao
叩	khấu
只	chỉ|kỳ|chích
叫	khiếu
召	thiệu|triệu|chiêu
叭	bá
叮	đinh
可	khả|khắc
台	đài
叱	sất
史	sử
右	hữu
叵	phả
叶	hiệp|diệp
号	gào|hào|hiệu
司	ti|tư
叹	thán
叻	lặc
叼	điêu
叽	ky
吁	hu|dụ
吃	cật
各	các
吅	tụng|huyên
吆	yêu
合	cáp|hợp|hiệp|hạp
吉	cát
吊	điếu
吋	thốn
同	đồng
名	danh
后	hậu
吏	lại
吐	thổ
向	hướng
吒	tra|trá
吓	hách
吕	lữ|lã
吗	ma
吚	y
君	quân
吝	lận
吞	thôn
吟	ngâm
吠	phệ
吡	bỉ
吥	bất
否	phủ|phầu|bĩ|bỉ
吧	ba
吨	đốn
吩	phân
吪	ngoa
含	hàm
听	dẫn|thính
吭	hàng|hạng|khang
吮	duyện
启	khởi|khải
吰	hoành
吱	chi|tư
吲	sẩn
吳	ngô
吴	ngô
吵	sảo
吶	nột|niệt
吸	hấp
吹	xuy|xuý
吻	vẫn
吼	hống
吽	hồng|ngâu|ngầu|ẩu
吾	ngô
呀	nha
呂	lữ|lã
呃	ách
呆	ngốc|ngai
呈	trình
呉	ngô
告	cáo
呋	phu
呌	khiếu
呎	xích
呏	thăng
呐	nột|niệt
呑	thôn
呒	phủ|mô
呓	nghệ
呕	ẩu
呖	lịch
呗	bái|bối
员	viên
呙	qua|quai|oai
呛	sặc|sang
呜	ô
呝	ách
呢	ni|nỉ
呣	mô
呤	linh
呦	u
呧	để
周	chu
呪	chú
呫	chiếp|thiếp
呬	hi
呰	tử
呱	oa
呲	thử
味	vị
呴	hú
呵	a|ha
呶	nao
呷	hạp
呸	phì
呺	hiêu
呻	thân
呼	hô
命	mệnh
呿	khư
咀	trớ|tứ|chuỷ
咁	cám
咂	táp
咄	đốt
咅	phủ
咆	bào
咇	tất
咈	phật
咊	hoà
咋	trách|trá
和	hoà|hoạ|ù|hồ
咍	hai
咎	cữu
咏	vịnh
咐	phó
咑	đát
咒	chú
咔	ca
咕	cô
咖	ca
咙	lung
咚	đông
咛	ninh
咠	thấp
咡	nhị
咢	ngạc
咣	quang
咤	trá|tra
咥	điệt|hí
咦	di
咧	liệt
咨	tư
咩	mị
咪	mi
咫	chỉ
咬	giảo
咭	kê
咮	trụ
咯	khách|cách|lạc|khạc
咱	ta
咲	tiếu
咳	hài|khái
咷	đào
咸	hàm
咺	tuyển
咻	hưu
咼	qua|quai|oai
咽	yết|yến|ế
咿	y
哀	ai
品	phẩm
哂	sẩn
哄	hống
哆	đá
哇	oa
哈	ha|hà
哉	tai
响	hưởng
哎	ai
哏	ngận
哑	nha|á|ách
哒	đát
哓	hiêu
哔	tất
哕	hối|oẹ|uế|uyết
哗	hoa
哙	khoái|hồi
哜	tế
哝	nông
哞	mâu
哟	ôi|dô
員	viên
哢	lộng
哤	mang
哥	ca
哦	nga
哧	xích
哨	sáo
哩	lý|ly
哪	nả|na
哫	túc
哭	khóc
哮	hao
哰	lao
哱	bột
哲	triết
哳	triết
哶	mã
哺	bú
哼	hanh
哽	ngạnh
哿	cả
唁	ngạn
唄	bái|bối
唅	hàm
唆	toa
唇	thần
唈	ấp
唉	ai
唊	giáp
唎	lợi
唏	hi
唐	đường
唔	ngô
唕	tạo
唘	khởi|khải
唛	mác
唝	cống
唠	lao
唡	lượng
唢	toả
唣	tạo
唤	hoán
唧	tức
唪	phủng
唫	ngâm|ngậm|cấm
唬	hổ
售	thụ
唯	duy|duỵ
唰	soa
唱	xướng
唲	nhi
唳	lệ
唵	úm
唶	giới
唷	dục
唸	niệm
唼	xiệp
唾	thoá
唿	hốt
啁	triêu|trào|trù|chù|chu
啃	khẳng
啄	trác
啅	trác
商	thương
啉	lâm
啊	a
啍	thôn
啎	ngỗ
問	vấn
啐	thối
啑	điệp
啓	khởi|khải
啕	đào
啖	đạm
啗	đạm
啜	xuyết
啞	nha|á|ách
啟	khởi|khải
啡	phê
啢	lượng
啣	hàm
啤	bia
啥	xá
啦	lạp
啧	trách
啪	ba
啬	sắc
啭	chuyển
啮	nhai
啯	quắc
啰	la
啴	xiển|than
啵	ba
啶	đính
啷	lang
啸	khiếu
啻	thí
啼	đề
啽	ngàm
啾	thu
喀	ca
喁	ngung
喂	uy|ê|ơi|uý
喃	nam
善	thiện
喆	triết
喇	lạt
喈	giai
喉	hầu
喊	hảm
喋	điệp
喌	châu
喎	oai
喏	nặc|nhạ
喑	âm
喒	ta
喓	yêu
喔	ô|ốc
喘	suyễn
喙	uế
喚	hoán
喜	hỷ
喝	húp|hét
喟	vị
喣	hú
喤	hoàng
喥	đạc
喦	nham
喧	huyên
喨	lượng
喩	dụ
喪	tang|táng
喫	khiết
喬	kiều
喭	ngạn
單	thiện|thiền|đơn|đan
喱	ly
喲	ôi|dô
喳	tra
喵	miêu
営	doanh|dinh
喷	phun|phún
喹	khuê
喻	dụ
喽	lâu
喾	khốc
喿	táo
嗀	hác
嗁	đề
嗃	hạc
嗄	a|khàn|sá
嗅	khứu
嗆	sặc|sang
嗇	sắc
嗉	tố
嗊	cống
嗌	ách|ải
嗍	thoa
嗎	ma
嗐	hại
嗑	hạp
嗒	đáp|thẫn|tháp
嗓	tảng
嗔	sân
嗖	sưu
嗙	bảnh
嗚	ô
嗛	khiểm|hiềm
嗜	thị
嗝	cách
嗟	ta
嗡	ông
嗣	tự
嗤	xuy
嗥	hào
嗦	sách
嗨	hải
嗩	toả
嗫	nhiếp
嗯	ân
嗳	ải|ái
嗶	tất
嗷	ngao
嗹	liên
嗻	chạ
嗽	thấu
嗾	thốc
嗿	thám
嘀	đê
嘁	thích
嘂	khiếu
嘅	khái
嘆	thán
嘈	tào
嘉	gia
嘌	phiêu
嘍	lâu
嘎	ca
嘏	hỗ
嘐	hao
嘑	hô
嘒	uế
嘓	quắc
嘔	ẩu
嘖	trách
嘗	thường
嘘	hư
嘛	ma
嘜	mác
嘞	lặc
嘟	đô
嘠	dát
嘡	thang
嘣	băng
嘤	anh
嘦	khiếu
嘧	mật
嘩	hoa
嘫	nhiên
嘬	toát
嘮	lao
嘯	khiếu
嘰	ky
嘱	chúc
嘲	trào
嘴	chuỷ
嘵	hiêu
嘶	tê
嘷	hào
嘸	phủ|mô
嘹	liệu
嘻	hi
嘽	xiển|than
嘿	hắc
噀	tốn
噁	ác
噂	tổn
噅	huy
噇	sàng
噉	đạm
噌	tăng
噍	tiếu
噎	ế
噏	hấp
噓	hư
噔	đăng
噗	phốc
噘	quyết
噙	cầm
噚	tầm
噛	giảo
噜	lỗ
噞	nghiệm
噠	đát
噢	úc
噤	cấm
噥	nông
噦	hối|oẹ|uế|uyết
器	khí
噩	ngạc
噪	táo
噫	y
噬	phệ
噭	khiếu
噯	ải|ái
噱	cược
噲	khoái|hồi
噳	ngu
噴	phun|phún
噶	cát
噷	hâm
噸	đốn
噹	đang
嚀	ninh
嚃	tháp
嚄	hoát|ô
嚅	nhu
嚆	hao
嚇	hách
嚌	tế
嚎	hào
嚏	xì
嚐	thường
嚓	sát
嚕	lỗ
嚗	bác
嚙	nhai
嚚	ngân
嚜	ma
嚞	triết
嚣	hiêu
嚥	yến
嚦	lịch
嚨	lung
嚬	tần
嚭	phỉ
嚮	hướng
嚱	hi
嚲	đả
嚳	khốc
嚴	nghiêm
嚵	sàm
嚶	anh
嚷	nhượng
嚼	tước
囀	chuyển
囁	nhiếp
囂	hiêu
囅	sản
囈	nghệ
囉	la
囊	nang
囌	tô
囍	hỉ
囑	chúc
囓	niết
囔	nang
囗	vi
囘	hồi
囙	nhân
囚	tù
四	tứ
囝	kiển|cưỡng|tể|nga|niên|niếp|nam
回	hồi
囟	tín
因	nhân
囡	nam
团	đoàn
団	đoàn
囤	độn|tồn|đồn
囦	uyên
囧	quýnh
囪	song|thông
囫	hốt
囬	hồi
园	viên
囮	ngoa
囯	quốc
困	khốn
囱	song|thông
囲	vy
図	đồ
围	vi|vây
囵	luân
囶	quốc
囷	khuân
囹	linh
固	cố
囻	quốc
国	quốc
图	đồ
囿	hữu
圀	quốc
圂	hỗn
圃	phố
圄	ngữ
圅	hàm
圆	viên
圇	luân
圈	khuyên|quyển
圉	ngữ
圊	thanh
國	quốc
圌	thuỳ
圍	vi|vây
圏	khuyên
園	viên
圓	viên
圕	thoan|đồ thư quán
圖	đồ
團	đoàn
圛	dịch
圜	hoàn|viên
圞	loan
土	thổ
圢	đinh
圣	khốt|thánh
在	tại
圩	vu
圪	khất
圬	ô
圭	khuê
圮	bĩ
圯	di
地	địa
圳	quyến
圹	khoáng
场	tràng|trường
圻	kỳ
圾	sắc
址	chỉ
坂	phản
均	quân
坊	phường|phòng
坋	phấn
坌	bộn
坍	than
坎	khảm
坏	hoại
坐	toạ
坑	khanh
坒	bệ
坕	kinh
块	khối
坚	kiên
坛	đàn|đàm
坜	lịch
坝	bá
坞	ổ
坟	phần
坠	truỵ
坡	pha
坤	khôn
坦	thản
坨	đà
坩	kham
坪	bình
坫	điếm
坭	nê
坯	phôi
坰	quynh
坱	dưỡng
坲	phật
坳	ao
坴	lục
坵	khâu
坷	khả
坻	trì|để
坼	sách
坿	phụ
垂	thuỳ
垃	lạp
垄	lũng
垅	lũng
垆	lư
型	hình
垌	dũng
垒	luỹ
垓	cai
垔	nhân
垕	hậu
垖	đôi
垗	triệu
垚	nghiêu
垛	đoá
垜	đoá
垝	quỷ
垞	xá
垠	ngần
垡	phạt
垢	cấu
垣	viên
垤	điệt
垦	khẩn
垧	thưởng
垩	ác
垫	điếm
垮	khoả
垯	đáp
垲	khải
垵	am
垺	phu
垾	hạn
埂	canh
埃	ai
埄	bổng|phong
埆	xác
埋	mai|man
埌	lãng
城	thành
埏	thiên|duyên|diên
埒	liệt
埔	bộ|phố
埕	trình
埘	thì
埙	huân
埚	qua
埜	dã
埝	niệm
域	vực
埠	phụ
埤	bì
埧	cụ
埭	đại
埯	am
埰	thái
埲	bồng
埳	khảm
埴	thực
埵	đoả
埶	nghệ
執	chấp
埸	dịch
培	bồi
基	cơ
埼	kỳ
埽	tảo
堀	quật
堂	đường
堃	khôn
堄	nghê
堅	kiên
堆	đồi
堇	cận
堉	dục
堊	ác
堋	bằng
堌	cố
堍	thố
堎	lăng
堑	tiệm
堕	đoạ
堘	thăng
堙	nhân
堝	qua
堞	điệp
堠	hậu
堡	bảo
堤	đê
堦	giai
堧	nhuyên
堨	yết
堪	kham
堭	hoàng
堮	ngạc
堯	nghiêu
堰	yển
報	báo
堲	tức
堳	thi
場	tràng|trường
堵	đổ
堽	cương
堿	kiềm
塃	hoang
塄	lăng
塈	ký
塊	khối
塋	doanh
塌	tháp
塍	thăng
塏	khải
塑	tố
塒	thì
塓	mịch
塔	tháp
塕	ổng
塗	đồ
塘	đường
塙	xác
塚	trủng
塞	tắc|tái
塟	táng
塠	đôi
塡	điền
塢	ổ
塤	huân
塥	cách
塩	diêm
填	điền
塲	tràng|trường
塵	trần
塹	tiệm
塼	chuyên
塽	sảng
塾	thục
塿	lũ
墀	trì
墁	mạn
境	cảnh
墅	thự
墈	khám
墉	dung
墊	điếm
墐	cận
墓	mộ
墖	tháp
増	tăng
墙	tường
墜	truỵ
墝	khao|nghiêu
增	tăng
墟	khư
墠	thiện
墦	phiền
墨	mặc
墩	đôn
墫	tôn
墬	địa
墮	đoạ
墰	đàm
墳	phần
墺	áo
墻	tường
墼	kích
墾	khẩn
壁	bích
壄	dã
壅	ủng|ung
壇	đàn
壈	lẫm
壎	huân
壑	hác
壒	ái
壓	áp
壔	đảo
壕	hào
壖	nhuyên
壘	luỹ
壙	khoáng
壚	lư
壜	đàm
壝	duy
壞	hoại
壟	lũng
壠	lũng
壢	lịch
壤	nhưỡng
壩	bá
士	sĩ
壬	nhâm
壮	tráng
壯	tráng
声	thanh
壱	nhất
壳	xác
壴	trú
壶	hồ
壸	khổn
壹	nhất
壺	hồ
壻	tế
壼	khổn
壽	thọ
壿	chung
夀	thọ
夂	tri
处	xử|xứ
夅	hàng
夆	phùng
备	bị
夊	tuy
夌	lăng
复	phục|phức|phúc
夏	hạ
夔	quỳ
夕	tịch
外	ngoại
夗	uyển
夙	túc
多	đa
夜	dạ
够	cú
夠	cú
夢	mộng
夣	mộng
夤	dần
夥	hoả
大	đại
天	thiên
太	thái
夫	phu|phù
夬	quái
夭	yểu
央	ương
夯	bổn|hãng|kháng
失	thất
头	đầu
夷	di
夸	khoa
夹	giáp
夺	đoạt
夾	giáp
奁	liêm
奂	hoán
奄	yểm|yêm
奇	cơ|kỳ
奈	nại
奉	phụng
奋	phấn
奎	khuê
奏	tấu
奐	hoán
契	khế|khất
奓	xỉ|xa|tra
奔	bôn
奕	dịch
奖	tưởng|thưởng
套	sáo
奘	trang
奚	hề
奠	điện
奡	ngạo
奢	xa
奥	ảo|áo
奧	ảo|áo
奨	tưởng
奩	liêm
奪	đoạt
奬	tưởng
奭	thích
奮	phấn
女	nữ|nhữ
奴	nô
奶	nãi
奸	gian
她	tha
奼	xá
好	hảo|hiếu
妁	chước
如	như
妃	phi
妄	vọng
妆	trang
妇	phụ
妈	má
妉	đam
妊	nhâm
妍	nghiên
妒	đố
妓	kỹ
妖	yêu
妗	cấm
妘	vân
妙	diệu
妝	trang
妞	nữu
妣	tỷ
妤	dư
妥	thoả
妨	phương
妩	vũ
妪	ẩu
妫	quy
妬	đố
妮	ni
妯	trục
妲	đát
妳	nhĩ|nãi|nễ
妸	a
妹	muội
妺	mạt
妻	thê|thế
妾	thiếp
姁	hủ
姅	bán
姆	mẫu
姉	tỷ
姊	tỷ
始	thuỷ
姍	san
姐	tỷ|thư
姑	cô
姒	tự
姓	tính
委	uỷ|uy
姗	san
姘	phanh
姙	nhâm
姚	diêu
姜	khương
姝	xu
姞	cật
姣	giao
姤	cấu
姥	lão|mỗ|mụ
姦	gian
姧	gian
姨	di
姪	điệt
姫	cơ
姬	cơ
姮	hằng
姱	khoa
姶	ấp
姸	nghiên
姹	xá
姻	nhân
姽	quỷ
姿	tư
娀	tung
威	uy
娃	oa
娄	lâu
娅	á
娆	nhiêu
娇	kiều
娈	luyến
娉	phinh
娌	lý
娑	sa
娒	mỗ
娓	vỉ
娘	nương
娛	ngu
娜	na
娟	quyên
娠	thần
娣	đễ
娥	nga
娩	miễn|vãn
娭	ai
娯	ngu
娱	ngu
娲	oa
娴	nhàn
娶	thú
娸	kỳ
娼	xướng
娿	a
婀	a
婁	lâu
婆	bà
婉	uyển
婊	biểu
婐	oả
婕	tiệp
婚	hôn
婞	hạnh
婢	tỳ
婣	nhân
婤	chu
婥	sước
婦	phụ
婧	tinh
婪	lam
婬	dâm
婭	á
婳	hoạ
婴	anh
婵	thuyền
婶	thẩm
婷	đình
婹	yêu
婺	vụ
婼	xúc
婿	tế
媄	mỹ
媅	đam
媍	phụ
媒	môi
媕	an
媖	anh
媚	mị
媛	viên|viện
媞	thị
媟	tiết
媠	noạ|đoạ
媢	mạo
媧	oa
媪	ảo
媭	tu
媮	thâu
媯	quy
媰	trâu
媲	bễ
媳	tức
媵	dắng
媸	xuy
媺	mỹ
媻	bàn
媼	ảo
媽	má
媾	cấu
媿	quý
嫁	giá
嫂	tẩu
嫄	nguyên
嫈	oanh
嫉	tật
嫋	điệu
嫌	hiềm
嫏	lang
嫒	ái
嫔	tần
嫕	ế
嫖	phiêu
嫗	ẩu
嫘	luy
嫚	mạn
嫜	chương
嫠	ly
嫡	đích
嫣	yên
嫦	thường
嫩	nộn
嫪	liệu
嫫	mô
嫭	hộ
嫮	hộ
嫱	tường
嫵	vũ
嫺	nhàn
嫻	nhàn
嫽	liêu
嫿	hoạ
嬀	quy
嬃	tu
嬈	nhiêu
嬉	hi
嬋	thuyền
嬌	kiều
嬖	bế
嬗	thiện
嬙	tường
嬛	hoàn|quỳnh|huyên
嬝	điệu
嬡	ái
嬢	nương
嬤	ma
嬪	tần
嬬	nhu
嬭	nãi
嬰	anh
嬲	niễu
嬴	doanh
嬷	ma
嬸	thẩm
嬾	lãn
嬿	yến
孀	sương
孃	nương
孅	tiêm
孌	luyến
孏	lãn
子	tử|tý
孑	kiết
孓	quyết
孔	khổng
孕	dựng
孖	tư
字	tự
存	tồn
孙	tôn
孚	phu
孛	bột
孜	tư
孝	hiếu
孟	mạnh
孢	bào
季	quý
孤	cô
孥	nô
学	học
孨	chuyển
孩	hài
孪	loan
孫	tôn
孬	nạo
孰	thục
孱	sàn
孳	tư
孵	phu
孶	tư
學	học
孺	nhụ
孻	nai
孼	nghiệt
孽	nghiệt
孿	loan
宀	miên
宁	trữ|ninh
宂	nhũng
它	tha
宄	quỹ
宅	trạch
宇	vũ
守	thủ
安	an
宊	gia|đột
宋	tống
完	hoàn
宍	nhục
宏	hoành
宓	mật
宕	đãng
宗	tông
官	quan
宙	trụ
定	định
宛	uyển|uyên
宜	nghi
宝	bảo
实	thực
宠	sủng
审	thẩm
客	khách
宣	tuyên
室	thất
宥	hựu
宦	hoạn
宧	di
宨	điệu
宪	hiến
宫	cung
宬	thành
宮	cung
宰	tể
害	hại
宴	yến
宵	tiêu
家	gia
宸	thần
容	dung
宼	khấu
宽	khoan
宾	tân
宿	túc|tú
寀	thái
寁	toản
寂	tịch
寃	oan
寄	ký
寅	dần
密	mật
寇	khấu
富	phú
寎	kính
寐	mị
寑	tẩm
寒	hàn
寓	ngụ
寔	thực
寕	ninh
寖	tẩm
寘	trí
寛	khoan
寝	tẩm
寞	mịch
察	sát
寠	cũ
寡	quả
寢	tẩm
寤	ngụ
寥	liêu
實	thực
寧	ninh
寨	trại
審	thẩm
寪	vĩ
寫	tả
寬	khoan
寮	liêu
寰	hoàn
寳	bảo
寵	sủng
寶	bảo
寸	thốn
对	đối
寺	tự
寻	tầm
导	đạo
対	đối
寿	thọ
封	phong
専	chuyên
尃	phu
射	xạ
尅	khắc
将	tương|tướng|thương
將	tương|tướng|thương
專	chuyên
尉	uý|uất
尊	tôn
尋	tầm
尌	thụ
對	đối
導	đạo
小	tiểu
少	thiểu|thiếu
尒	nhĩ
尓	nhĩ
尔	nhĩ
尖	tiêm
尗	thúc
尘	trần
尙	thượng
尚	thượng
尝	thường
尟	tiển
尠	tiển
尢	uông
尤	vưu
尥	liệu
尧	nghiêu
尨	bàng|mang
尪	uông
尬	giới
尰	thũng
就	tựu
尲	giam
尴	giam
尶	giam
尷	giam
尸	thi
尹	doãn
尺	xích|chỉ|thước
尻	khào
尼	ni
尽	tận
尾	vĩ
尿	niệu|tuy
局	cục
屁	thí
层	tầng
屄	bi
居	cư|cớ
屆	giới
屈	khuất
屉	thế
届	giới
屋	ốc
屌	điểu
屍	thi
屎	thỉ
屏	bình|bính
屐	kịch
屑	tiết
展	triển
屖	tê
屙	a
屛	bình
屜	thế
屝	phỉ
属	thuộc|chúc|chú
屠	đồ
屡	lũ
屢	lũ
屣	tỷ
層	tầng
履	lý
屦	lũ
屧	tiệp
屨	lũ
屩	cược
屪	liêu
屬	thuộc|chúc|chú
屭	hý
屮	triệt
屯	đồn|truân
山	sơn
屴	lực
屹	ngật
屺	dĩ
屼	ngột
屿	tự
岁	tuế
岂	khải|khởi
岅	phản
岈	ha
岊	tiết
岌	ngập
岍	khiên
岐	kỳ
岑	sầm
岒	kiềm
岔	xoá
岖	khu
岗	cương
岘	hiện
岙	áo
岚	lam
岛	đảo
岝	trách
岞	trách
岡	cương
岢	khả
岣	cẩu
岧	thiều
岨	thư
岩	nham
岫	tụ
岬	giáp
岭	linh|lĩnh
岱	đại
岳	nhạc
岵	hỗ
岷	dân
岸	ngạn
岹	thiều
岽	đông
岿	khuy
峄	dịch
峇	khạp
峋	tuân
峒	động|đồng
峙	trĩ
峚	mật
峝	đồng
峞	quỵ
峡	hiệp|hẹp
峣	nghiêu
峤	kiệu
峥	tranh
峦	loan
峨	nga
峩	nga
峪	dục
峭	tiễu
峯	phong
峰	phong
峱	nạo
峴	hiện
島	đảo
峻	tuấn
峽	hiệp|hẹp
峿	ngô
崁	khám
崂	lao
崃	lai
崄	hiểm
崆	không
崇	sùng
崋	hoa
崌	cư
崍	lai
崎	khi
崑	côn
崒	tuỵ|tốt
崔	thôi
崖	nhai
崗	cương
崘	lôn
崙	lôn
崚	lăng
崛	quật
崞	quách
崟	dần
崢	tranh
崤	hào
崦	yêm
崧	tung
崩	băng
崬	đông
崭	sàm|tiệm
崮	cố
崱	trắc
崳	du
崴	uy
崽	tải
崿	ngạc
嵂	luật
嵇	kê
嵊	thặng
嵋	my
嵌	khảm
嵎	ngu
嵐	lam
嵒	nham
嵗	tuế
嵘	vanh
嵚	khâm
嵝	lũ
嵩	tung
嵫	tư
嵬	ngôi
嵯	tha
嵺	lũ
嵾	sâm
嶁	lũ
嶂	chướng
嶄	sàm|tiệm
嶅	ngao
嶇	khu
嶋	đảo
嶌	đảo
嶒	tằng
嶓	ba
嶔	khâm
嶗	lao
嶙	lân
嶝	đặng
嶞	đoạ
嶟	tôn
嶠	kiệu
嶡	quyết
嶢	nghiêu
嶧	dịch
嶪	nghiệp
嶫	nghiệp
嶮	hiểm
嶰	giải
嶲	tây
嶴	áo
嶷	nghi
嶸	vanh
嶺	lĩnh
嶼	tự
嶽	nhạc
巂	huề|tây
巃	lung
巅	điên
巆	vanh
巇	hy
巉	sàm
巋	khuy
巍	nguy
巒	loan
巓	điên
巔	điên
巖	nham
巘	nghiễn
巛	xuyên
巜	quái
川	xuyên
州	châu
巟	hoang
巠	kinh
巡	tuần
巢	sào
巣	sào
工	công
左	tả
巧	xảo
巨	cự
巩	củng
巫	vu
差	sai|si
己	kỷ
已	dĩ
巳	tỵ
巴	ba
巵	chi
巷	hạng
巹	cẩn
巻	quyển
巽	tốn
巾	cân
巿	phất
帀	táp
币	tệ
市	thị
布	bố
帄	đinh
帅	soái
帆	phàm
师	sư
帋	chỉ
希	hy
帏	vy
帐	trướng
帑	thảng
帔	bí
帕	phách
帖	thiếp|thiệp
帗	phạt
帘	liêm
帙	trật
帚	chổi
帛	bạch
帜	xí
帝	đế
帟	diệc
帡	bình
帣	quyến
帥	soái
带	đới
帧	tránh
帨	thuế
師	sư
帬	quần
席	tịch
帮	bang
帯	đới
帰	quy
帱	trù|đào
帲	bình
帳	trướng
帶	đới
帷	duy
常	thường
帹	thiếp|sáp
帻	trách
帼	quắc
帽	mạo
幀	tránh
幂	mịch
幃	vy
幄	ác
幅	bức
幇	bang
幈	bình
幋	bàn
幌	hoảng
幏	giá
幑	huy
幔	mạn
幕	màn|mạc
幗	quắc
幘	trách
幙	mạc
幚	bang
幛	trướng
幞	phốc
幟	xí
幠	hu
幡	phướn
幢	tràng
幣	tệ
幦	mịch
幨	xiêm
幩	phần
幪	mông
幫	bang
幬	trù|đào
幮	trù
幰	hiển
干	can|càn|kiền|cán
平	bình
年	niên
幵	kiên
并	tinh|tịnh|tính
幷	tịnh|tính
幸	hạnh
幹	cán
幻	huyễn
幼	ấu
幽	u
幾	cơ|ky|kỷ
广	nghiễm|quảng
庀	phỉ
庁	sảnh|thính
庄	trang
庆	khánh
庇	tý
床	sàng
庋	kỹ|quỷ
序	tự
庐	lư
庑	vu|vũ
库	khố
应	ưng|ứng
底	để
庖	bào
店	điếm
庙	miếu
庚	canh
府	phủ
庞	bàng
废	phế
庠	tường
庤	chí
庥	hưu
度	độ|đạc
座	toạ|toà
庫	khố
庬	bàng
庭	đình
庳	tý
庵	am
庶	thứ
康	khang
庸	dung
庹	thoả
庼	khoảnh
庽	ngụ
庾	dữu
庿	miếu
廀	sưu
廁	xí
廂	sương
廄	cứu
廆	hối
廈	hạ
廉	liêm
廊	lang
廋	sưu
廌	trãi
廎	khoảnh
廏	cứu
廐	cứu
廑	cận|cần
廒	ngao
廓	khuếch
廕	ấm
廖	liệu
廙	dị
廚	trù
廛	triền
廝	tư
廞	hân
廟	miếu
廠	xưởng
廡	vu|vũ
廢	phế
廣	quảng
廥	quái
廧	tường
廨	giải
廩	lẫm
廪	lẫm
廬	lư
廱	ung
廳	sảnh|thính
廴	dẫn
廵	tuần
延	diên
廷	đình
廸	địch
建	kiến
廻	hồi
廼	nãi
廾	củng
廿	nhập
开	khai
弁	biện
异	dị
弃	khí
弄	lộng
弆	cử
弇	yểm
弈	dịch
弊	tệ
弋	dặc
弌	nhất
弍	nhị
弎	tam
式	thức
弑	thí
弒	thí
弓	cung
弔	điếu
引	dẫn
弗	phất
弘	hoằng
弛	thỉ
弝	bá
弟	đệ|đễ
张	trương
弢	thao
弣	phủ
弤	để
弥	di|my
弦	huyền
弧	hồ
弨	siêu
弩	nỗ
弭	mị
弮	khuyên
弯	loan
弰	sao
弱	nhược
張	trương
弶	cương
強	cường|cưỡng
弸	bằng
弹	đạn|đàn
强	cường|cưỡng
弼	bật
弾	đạn
彀	cấu
彄	khu
彆	biệt
彈	đạn|đàn
彊	cường|cưỡng
彌	di
彎	loan
彐	kệ
彑	kệ
归	quy
当	đang|đương|đáng
彔	lục
录	lục
彖	thoán
彗	tuệ
彘	trệ
彙	hội
彛	di
彝	di
彞	di
彟	hoạch
彠	hoạch
彡	sam
形	hình
彤	đồng
彥	ngạn
彦	ngạn
彧	úc
彨	si
彩	thái
彪	bưu
彫	điêu
彬	bân
彭	bành
彰	chương
影	ảnh
彲	si
彳	xích
彴	chước
彷	phảng|bàng
彸	chung
役	dịch
彻	triệt
彼	bỉ
彽	đê
彿	phất
往	vãng
征	chinh|trưng|chứng|chuỷ
徂	tồ
徃	vãng
径	kính
待	đãi
徇	tuẫn
很	ngận
徉	dương
徊	hồi
律	luật
後	hậu
徐	từ
徑	kính
徒	đồ
従	tòng
徕	lai
得	đắc
徘	bồi
徙	tỷ
徜	thảng
從	tòng|tùng
徠	lai
御	ngự
徧	biến
徨	hoàng
復	phục
循	tuần
徬	bàng
徭	dao
微	vi
徯	hề
徳	đức
徴	trưng|chứng
徵	trưng|chứng|chuỷ
德	đức
徹	triệt
徼	kiêu|kiếu
徽	huy
心	tâm
忄	tâm
必	tất
忆	ức
忉	đao
忌	kỵ
忍	nhẫn
忏	sám
忐	thảm
忑	thắc
忒	thắc
忕	thệ|thái
忖	thốn
志	chí
忘	vong
忙	mang
応	ưng
忝	thiểm
忞	mân
忠	trung
忡	xung
忤	ngỗ
忧	ưu
忪	chung
快	khoái
忭	biện
忮	kỹ
忱	thầm
忲	thái
念	niệm
忸	nữu
忺	hiêm
忻	hân
忽	hốt
忾	khái
忿	phẫn
怀	hoài
态	thái
怂	tủng
怃	vũ
怄	âu
怅	trướng
怆	sảng
怊	siêu
怍	tạc
怎	chẩm
怏	ưởng
怒	nộ
怔	chinh
怕	phạ
怖	bố
怗	thiếp
怙	hỗ
怚	thư
怛	đát
怜	liên
思	tư|tứ
怞	du
怠	đãi
怡	di
急	cấp
怦	phanh
性	tính
怨	oán
怩	ni
怪	quái
怫	phí|phật
怭	tất
怯	khiếp
怱	thông
怲	bính
怳	hoảng
怵	truật
怹	than
总	tổng
怼	dỗi
怿	dịch
恁	nhẫm|nâm
恂	tuân
恃	thị
恆	hằng
恇	khuông
恉	chỉ
恋	luyến
恌	khiêu
恍	hoảng
恐	khủng
恒	hằng
恓	tây
恔	hiệu
恕	thứ
恙	dạng
恚	huệ
恛	hồi
恝	kiết
恟	hung
恠	quái
恡	lận
恢	khôi
恣	tứ
恤	tuất
恥	sỉ
恧	nục
恨	hận
恩	ân
恪	khác
恫	đỗng
恬	điềm
恭	cung
息	tức
恰	kháp
恳	khẩn
恶	ác|ố
恸	thống
恹	yêm
恺	khải
恻	trắc
恼	não
恽	uẩn
恿	dũng
悀	dũng
悁	quyên|quyến
悃	khổn
悄	tiễu|thiểu
悅	duyệt
悆	dự
悉	tất
悊	triết
悌	đễ
悍	hãn
悐	thích
悒	ấp
悔	hối
悕	hy
悖	bội
悚	tủng
悛	thuân
悝	khôi|lý
悞	ngộ
悟	ngộ
悠	du
悢	lượng
患	hoạn
悤	thông
悦	duyệt
悧	lợi
您	nâm
悪	ác
悫	xác
悬	huyền
悭	khan
悮	ngộ
悯	mẫn
悰	tông
悱	phỉ
悲	bi
悳	đức
悴	tuỵ
悵	trướng
悶	muộn
悷	lệ
悸	quý
悻	hãnh
悼	điệu
悽	thê
悾	không
惄	nịch
情	tình
惆	trù
惇	đôn
惈	quả
惊	kinh
惋	oản
惌	uyên
惎	kỵ
惏	lam|lâm
惑	hoặc
惓	quyền
惔	đàm
惕	thích
惘	võng
惙	chuyết
惚	hốt
惛	hôn
惜	tích
惝	thảng
惟	duy
惠	huệ
惡	ác|ố
惥	dũng
惦	điếm
惧	cụ
惨	thảm
惩	trừng
惪	đức
惫	bại
惬	khiếp
惭	tàm
惮	đạn
惯	quán
惰	đoạ
惱	não
惲	uẩn
想	tưởng
惴	chuý
惶	hoàng
惷	xuẩn
惸	quỳnh
惹	nhạ
惺	tinh
惻	trắc
愀	thiểu
愁	sầu
愆	khiên
愈	dũ
愉	du
愊	phức
愍	mẫn
愎	phức
意	ý
愐	miễn
愒	khái
愓	đãng
愔	âm
愕	ngạc
愙	khác
愚	ngu
愛	ái
愜	khiếp
感	cảm
愠	uấn
愣	lăng
愤	phẫn
愦	hội
愧	quý
愨	xác
愫	tố
愬	tố
愮	dao
愯	tủng
愴	sảng
愷	khải
愼	thận
愽	bác
愾	khái
愿	nguyện
慁	hỗn
慂	dũng
慄	lật
慅	tao
慆	thao
慇	ân
慈	từ
慉	súc
慊	khiểm|khiết|khiếp
態	thái
慌	hoảng
慍	uấn
慎	thận
慑	nhiếp
慕	mộ
慘	thảm
慙	tàm
慚	tàm
慝	thắc
慟	thống
慢	mạn
慣	quán
慤	xác
慥	tháo
慧	tuệ
慨	khái
慪	âu
慫	tủng
慬	cần
慭	ngận
慮	lự
慰	uỷ|uý
慱	đoàn
慳	khan
慴	nhiếp
慵	dung
慶	khánh
慷	khảng
慼	thích
慽	thích
慾	dục
憀	liêu
憂	ưu
憃	thung
憇	khế
憊	bại
憋	biệt
憍	kiêu
憎	tăng
憐	liên
憑	bằng
憒	hội
憔	tiều
憖	ngận
憙	hỷ
憚	đạn
憝	đỗi
憤	phẫn
憧	sung
憨	hàm
憩	khế
憪	hàn
憫	mẫn
憬	cảnh
憭	liễu
憮	vũ
憯	thảm
憲	hiến
憶	ức
憷	sở
憸	tiêm
憹	não
憺	đảm
憾	hám
懂	đổng
懃	cần
懅	cứ
懆	thảo
懇	khẩn
懈	giải
應	ưng|ứng
懊	áo
懋	mậu
懌	dịch
懍	lẫm
懑	muộn
懒	lãn
懔	lẫm
懞	mông
懟	dỗi
懠	tê
懣	muộn
懤	trù
懥	chí
懦	nhu
懨	yêm
懫	chí
懮	ưu
懰	lưu
懱	miệt
懲	trừng
懵	mộng
懶	lãn
懷	hoài
懸	huyền
懺	sám
懼	cụ
懽	hoan
懾	nhiếp
懿	ý
戀	luyến
戁	nản
戄	quặc
戆	cống|tráng
戇	cống|tráng
戈	qua
戉	việt
戊	mậu
戋	tiên
戌	tuất
戍	thú
戎	nhung
戏	hí
成	thành
我	ngã
戒	giới
戔	tiên
戕	tường
或	hoặc
戗	thương
战	chiến
戚	thích
戛	kiết
戞	kiết
戟	kích
戡	kham
戢	tập
戣	quỳ
戤	cái
戥	đẳng
戧	thương
戩	tiển
截	tiệt
戬	tiển
戭	diễn
戮	lục
戯	hí
戰	chiến
戱	hí
戲	hí
戳	trạc
戴	đội
戶	hộ
户	hộ
戸	hộ
戹	ách
戺	sĩ
戼	mão
戽	hố
戾	lệ
房	phòng
所	sở
扁	thiên|biển
扂	điệm
扃	quynh
扆	ỷ
扇	thiên|phiến
扈	hỗ
扉	phi
扊	diễm
手	thủ
扌	thủ
才	tài
扎	trát
扐	lặc
扑	phác
扒	bái|bóc|bát
打	tá|đả
扔	nhưng
托	thác
扛	khiêng|gánh
扞	hãn
扠	xoa
扡	tha
扢	cột|hất
扣	khấu
扤	ngột
扦	thiên
执	chấp
扩	khuếch
扪	môn
扫	tảo|táo
扬	dương
扭	nữu
扮	ban
扯	xả
扰	nhiễu
扱	hấp
扳	ban|bản|phan
扶	phò|phù
批	phê
扻	tiết
扼	ách
找	trảo
承	thừa
技	kỹ
抃	biến
抄	sao
抆	vấn
抈	nguyệt
抉	quyết
把	bả
抌	thẩm
抏	ngoạn
抑	ức
抒	trữ
抓	trảo
抔	bồi
投	đầu
抖	đẩu
抗	kháng
折	chiết|triệp
抚	phủ
抛	phao
抝	ảo
択	trạch
抟	đoàn
抠	khu
抡	luân
抢	thương|thưởng
护	hộ
报	báo
抨	phanh
披	phi
抬	đài
抱	bão
抴	duệ
抵	để
抶	sất
抹	mạt
押	áp
抽	trừu
抿	mân
拂	bật|phất|phật
拃	tra
拄	trụ
担	đảm|đam
拆	sách
拇	mẫu
拈	niêm
拉	lạp
拊	phủ
拋	phao
拌	bạn
拍	phách
拎	linh
拏	nã
拐	quải
拑	kiềm
拒	cự
拓	thác|tháp
拔	bạt
拕	tha
拖	tha
拗	áo|nữu
拘	câu
拙	chuyết
拚	phấn|biện|phiên|bính
招	chiêu
拜	bái
拝	bái
拟	nghĩ
拢	long
拣	giản
拥	ủng
拦	lan
拧	ninh
拨	bát
择	trạch
拪	thiên
拫	ngân
括	quát
拭	thức
拮	kiết
拯	chửng
拱	củng
拳	quyền
拴	thuyên
拶	tạt
拷	khảo
拼	bính
拽	duệ
拾	thiệp|thập
拿	nã
持	trì
挂	quải
指	chỉ
挈	khiết
按	án
挌	cách
挍	hiệu
挎	khoá
挐	nã
挑	khiêu|thao|thêu
挓	trát
挖	oạt
挚	chí
挛	luyến
挜	á
挝	qua
挞	thát
挟	giáp|hiệp
挠	nạo
挡	đảng|đáng
挢	kiểu
挣	tranh
挤	tễ
挥	huy
挦	triêm
挨	ai
挪	na
挫	toả
振	chấn
挱	sa
挲	sa
挵	lộng
挶	cư
挹	ấp
挺	đĩnh
挼	nhoa
挽	vãn
挾	giáp|hiệp
捂	ngộ
捃	quấn
捄	cứu
捅	thống
捆	khổn
捉	tróc
捋	loát|vuốt|tuốt
捌	bát
捍	hãn
捎	sao
捏	niết
捐	quyên
捓	da
捕	bắt
捗	duệ
捘	tuấn
捞	lao
损	tổn
捡	kiểm
换	hoán
捣	đảo
捥	oản
捧	bưng
捨	xả
捩	liệt
捫	môn
捭	bãi|phách
据	cư|cứ
捱	ai
捲	cuốn|quyển
捶	chuỷ
捷	tiệp
捺	nại
捻	niệp
捼	nhoa
捽	tốt
掀	hiên
掂	điêm
掃	tảo|táo
掄	luân
掇	xuyết
授	thụ
掉	điệu
掊	bồi|bốc|phẩu
掌	chưởng
掍	cổn
掎	kỷ
掏	đào
掐	kháp
排	bài
掔	kiên
掖	dịch
掗	á
掘	quật
掙	tranh
掛	quải
掞	thiểm
掠	lược
採	thái
探	thám
掣	xiết
掤	băng
接	tiếp
控	khống
推	suy
掩	yểm
措	thố
掫	tưu
掬	cúc
掮	kiên
掯	khẳng
掰	bẻ
掱	vát|thủ
掳	lỗ
掴	quách
掷	trịch
掸	đạn
掺	sam|sảm
掼	quán
掽	bính
掾	duyện
揀	giản
揃	tiên
揄	du
揅	nghiên
揆	quỹ
揉	nhu
揌	tai
揍	tấu
揎	tuyên
描	miêu
提	đề
揑	niết
插	sáp
揕	trấm
揖	ấp
揗	thuẫn
揘	hoành
揚	dương
換	hoán
揜	yểm
揝	toản
揞	yêm
揠	yển
握	ác
揣	suy|suỷ
揥	thế
揦	lạt
揩	khai
揪	thu
揫	thu
揭	yết
揮	huy
揲	thiệt
揳	tiết
援	viện
揵	kiền
揶	da
揷	sáp
揸	tra
揹	bội
揺	dao
揽	lãm
揾	uẩn|uấn|ấn|vấn
揿	khấm
搀	sam
搁	các
搂	lâu
搅	giảo
搆	cấu
搇	khấm
搉	xác
搊	sưu
搋	soai
搌	triển
損	tổn
搎	tôn
搏	bác
搐	súc
搓	tha
搔	tao
搕	khạp
搖	dao
搗	đảo
搘	chi
搛	kiêm
搜	sưu
搞	cảo
搠	sóc
搡	táng
搢	tấn
搣	diệt
搤	ách
搥	truỳ
搦	nạch
搧	thiên
搨	tháp
搪	đường
搬	ban
搭	đáp
搯	đào
搰	hột
搲	oa
搳	hoa
搴	khiên
搵	uẩn|uấn|ấn|vấn
搶	thương|thưởng
搷	chẩn
携	huề
搽	trà
搾	trá
搿	cách
摀	ô
摁	ấn
摄	nhiếp
摅	sư
摆	bài|bãi
摇	dao
摈	tấn
摊	than
摎	cưu
摏	thung
摑	quách
摒	bính
摓	phùng
摔	suất
摘	trích
摙	liễn
摛	si
摜	quán
摞	loa
摟	lâu
摠	tổng
摧	tồi
摩	ma
摭	chích
摮	ngao
摯	chí
摰	nghiệt
摲	sảm
摳	khu
摴	sư
摶	đoàn
摷	tiễu
摸	mò|mạc|mô
摹	mô
摺	triệp
摻	sam|sảm
摽	phiêu|phiếu
撂	lược
撃	kích
撄	anh
撅	quyệt
撆	biết
撇	phiết
撈	lao
撊	giản
撋	nhuyên
撏	triêm
撐	chống
撑	chống
撒	tản|tát
撓	nạo
撕	tê
撖	hạm
撙	tổn
撚	niễn
撝	huy
撞	tràng
撟	kiểu
撡	thao
撢	đạn
撣	đạn
撤	triệt
撥	bát
撦	xả
撧	tuyệt
撩	liêu|liệu
撫	phủ
撬	khiêu
播	bá
撮	toát
撰	soạn
撲	phác
撳	khấm
撵	niện
撷	hiệt
撺	thoán
撻	thát
撼	hám
撽	khiếu
撾	qua
撿	kiểm
擀	cán
擁	ủng
擂	lôi|luỵ
擄	lỗ
擅	thiện
擇	trạch
擉	trạc
擊	kích
擋	đảng|đáng
操	thao|tháo
擎	kình
擐	hoàn
擒	cầm
擓	khối
擔	đảm|đam
擕	huề
擖	ca
擗	phích
擘	phách
據	cứ
擞	tẩu
擠	tễ
擡	đài
擢	trạc
擣	đảo
擤	xỉ
擥	lãm
擦	sát
擧	cử
擩	nhũ
擫	áp
擬	nghĩ
擭	hoạch
擯	tấn
擰	ninh
擱	các
擲	trịch
擴	khuếch
擷	hiệt
擸	liệp
擺	bài
擻	tẩu
擽	lịch
擾	nhiễu
擿	thích|trích
攀	phan
攂	lôi
攃	thát
攄	sư
攆	niện
攈	quấn
攉	hoắc
攏	long
攐	khiên
攒	toàn|toản
攓	kiển
攔	lan
攖	anh
攘	nhương
攙	sam
攛	thoán
攜	huề
攝	nhiếp
攟	quấn
攢	toàn|toản
攣	luyến
攤	than
攥	toản
攧	điên
攩	đảng
攪	giảo
攫	quắp
攬	lãm
攮	nãng
支	chi
攲	khi
攴	phộc|phác
攵	phộc|phác
收	thu
攷	khảo
攸	du
改	cải
攺	cải
攻	công
攽	ban
放	phóng
政	chính
敁	điêm
敂	khấu
敃	mẫn
故	cố
效	hiệu
敉	mị
敌	địch
敍	tự
敎	giáo
敏	mẫn
救	cứu
敓	thoát
敔	ngữ
敕	sắc
敖	ngao
敗	bại
敘	tự
教	giáo|giao
敛	liễm|liệm
敜	niếp
敝	tệ
敞	sưởng
敢	cảm
散	tản|tán
敦	đôn
敪	xuyết
敫	kiểu
敬	kính
敭	dương
数	sổ|số|sác
敱	ngai
敲	xao
整	chỉnh
敵	địch
敷	phu
數	sổ|số|sác
敹	liêu
敺	khu
敻	quýnh
敽	kiểu
敿	kiểu
斁	dịch
斂	liễm|liệm
斃	tễ
斄	lai
文	văn
斈	học
斉	tề
斋	trai
斌	bân
斎	trai
斐	phỉ
斑	ban
斒	ban
斓	lan
斕	lan
斗	đẩu|đấu
料	liệu
斛	hộc
斜	tà
斝	giả
斞	dữu
斟	châm
斠	giác
斡	oát
斤	cân
斥	xích
斧	phủ
斨	thương
斩	trảm
斫	chước
斬	trảm
断	đoạn|đoán
斮	trác
斯	tư
新	tân
斲	trác
斵	trác
斷	đoạn|đoán
斸	trọc
方	phương
於	ư|ô
施	thi|thí
斾	bái
斿	du
旁	bàng
旂	kỳ
旃	chiên
旄	mao|mạo
旅	lữ
旆	bái
旊	phưởng
旋	hoàn|tuyền
旌	tinh
旎	nỉ
族	tộc
旐	triệu
旒	lưu
旓	sao
旖	ỷ
旗	kỳ
旛	phan
旝	quái
旟	dư
无	vô|mô
旡	ký
既	ký
旣	ký
旤	hoạ
日	nhật
旦	đán
旧	cựu
旨	chỉ
早	tảo
旪	hiệp
旬	tuần
旭	húc
旮	ca
旯	lạp
旰	cán
旱	hạn
旴	hu
时	thời
旷	khoáng
旸	dương
旹	thời
旺	vượng
旻	mân
旼	mân
旾	xuân
昀	quân
昂	ngang
昃	trắc
昄	bản
昆	côn
昇	thăng
昉	phưởng
昊	hạo
昌	xương
明	minh
昏	hôn
昒	hốt
易	dịch|dị
昔	tích
昕	hân
昙	đàm
昚	thận
昜	dương
昝	tảm
昞	bỉnh
星	tinh
映	ánh
昡	huyễn
春	xuân
昧	muội
昨	tạc
昫	hú
昬	hôn
昭	chiêu
是	thị
昱	dục
昳	điệt
昴	mão
昵	nật
昶	sưởng
昺	bỉnh
昼	trú
昽	lung
显	hiển
晁	triều
時	thời
晃	hoảng|hoàng
晄	hoảng
晅	huyên
晉	tấn
晋	tấn
晌	thưởng
晏	yến
晒	sái
晓	hiểu
晔	diệp
晕	vựng
晖	huy
晗	hàm
晚	vãn
晛	hiện
晜	côn
晝	trú
晞	hy
晟	thịnh|thạnh
晡	bô
晢	triết
晤	ngộ
晦	hối
晨	thần
晩	vãn
晫	trác
晬	tối
普	phổ
景	cảnh
晰	tích
晳	tích
晴	tình
晶	tinh
晷	quỹ
智	trí
晻	ám
晾	lượng
暂	tạm
暄	huyên
暆	di
暇	hạ
暈	vựng
暉	huy
暋	mân|mẫn
暌	khuê
暍	hát
暎	ánh
暐	vĩ
暑	thử
暖	noãn
暗	ám
暘	dương
暝	minh
暠	cảo|hạo
暢	sướng
暦	lịch
暧	ái
暨	kỵ
暫	tạm
暮	mộ
暱	nật
暴	bạo
暵	hán
暸	liêu
暹	xiêm
暾	thôn
曀	ý
曄	diệp
曆	lịch
曇	đàm
曈	đồng
曉	hiểu
曌	chiếu
曏	hướng
曖	ái
曙	thự
曚	mông
曛	huân
曜	diệu
曝	bộc
曠	khoáng
曡	điệp
曦	hy
曨	lung
曩	nãng
曬	sái
曰	viết
曲	khúc
曳	duệ
更	canh|cánh|càng
曷	hạt
書	thư
曹	tào
曼	mạn
曽	tằng
曾	tằng|tăng|từng
替	thế
最	tối
朁	thảm
會	hội|cối
朅	khiết
朆	phân
月	nguyệt
有	hữu
朋	bằng
服	phục
朏	phỉ
朐	cù
朓	thiểu
朔	sóc
朕	trẫm
朗	lãng
朙	minh
望	vọng
朝	triều|triêu
朞	kỳ
期	kỳ
朢	vọng
朣	đồng
朦	mông
朧	lung
木	mộc
未	vị|mùi
末	mạt
本	bản
札	trát
朮	truật
术	thuật
朱	chu
朳	bát
朴	phác
朵	đoá
朶	đoá
机	cơ
朽	hủ
朾	tranh
朿	thứ
杀	sát
杂	tạp
权	quyền
杅	vu
杆	can
杇	ô
杈	xoa
杉	sam
杌	ngột
李	lý
杏	hạnh
材	tài
村	thôn
杓	tiêu|thược
杕	đệ
杖	trượng
杗	mang
杙	dặc
杜	đỗ
杝	di
杞	kỷ
束	thúc
杠	giang|cống
条	điều
来	lai
杧	mang
杨	dương
杪	diểu
杭	hàng
杯	bôi
杰	kiệt
東	đông
杲	cảo
杳	yểu
杵	xử
杶	suân
杷	ba|bà
杻	sửu|nữu
杼	trữ
松	tùng|tông
板	bản
极	cực
构	cấu
枇	tỳ
枉	uổng
枊	ngang
枋	phương
枌	phần
枏	nam
析	tích
枒	nha
枓	đẩu
枕	chẩm
林	lâm
枘	nhuế
枚	mai
果	quả
枝	chi
枞	tung
枢	xu
枣	táo
枥	lịch
枨	tranh
枪	thương
枫	phong
枭	kiêu
枯	khô
枰	bình
枱	đài
枲	tỷ
枳	chỉ
枴	quải
枵	hiêu
架	giá
枷	gia
枸	câu|cẩu|củ
枹	phu
枻	duệ
柁	đà
柂	di
柃	linh
柄	bính
柅	nỉ
柈	bàn
柊	chung
柎	phu
柏	bách|bá
某	mỗ
柑	cam
柒	thất
染	nhiễm
柔	nhu
柘	chá
柙	hiệp
柚	dữu
柜	quỹ|cử|cự
柝	thác
柞	tạc
柟	nam
柠	ninh
柢	đế
柣	trật
柤	tra
查	tra
柩	cữu
柬	giản
柮	đốt
柯	kha
柰	nại
柱	trụ
柲	biết
柳	liễu
柴	sài
柶	tứ
柷	chúc
柹	thị
柽	sanh
柿	thị
栀	chi
栃	lệ
栄	vinh
标	tiêu
栈	sạn
栉	trất
栊	lồng
栋	đống
栌	lô
栎	lịch
栏	lan
树	thụ
栓	xuyên
栔	khế
栖	thê
栗	lật
栘	di
栝	quát
栞	san
栟	bôn
校	hiệu
栢	bách
栩	hủ
株	chu
栭	nhi
栰	phạt
栱	củng
栲	khảo
栳	lão
栴	chiên
栵	lệ
样	dạng
核	hạch|hạt
根	căn
栻	thức
格	cách
栽	tài
栾	loan
桀	kiệt
桁	hàng|hành
桂	quế
桃	đào
桄	quang|quáng
桅	nguy
框	khung
案	án
桉	an
桋	di
桌	trác
桎	trất
桐	đồng
桑	tang
桓	hoàn
桔	kết|cát|quất
桕	cữu
桚	tạt
桠	nha
桡	nhiêu
桢	trinh
档	đáng
桤	khi
桥	kiều
桦	hoa
桧	cối
桨	tưởng
桩	trang
桫	sa
桮	bôi
桯	thinh
桲	bột
桴	phù
桶	thùng
桷	giác
桹	lang
桺	liễu
桿	can
梁	lương
梃	đĩnh
梅	mai
梆	bang
梏	cốc
梐	bệ
梓	tử
梔	chi
梗	cành|ngạnh
條	điều
梟	kiêu
梠	lữ
梡	khoản
梢	sao
梣	sầm
梦	mộng
梧	ngô
梨	lê
梩	tỷ
梭	thoa
梯	thê
械	giới
梱	khổn
梲	chuyết
梳	sơ
梴	siên
梵	phạn
梹	tân
梼	đào
梿	liên
检	kiểm
棁	chuyết
棂	linh
棃	lê
棄	khí
棉	miên
棊	kỳ
棋	kỳ
棍	côn
棐	phỉ
棒	bổng
棕	tông
棖	tranh
棗	táo
棘	cức
棚	bằng
棜	ứ
棟	đống
棠	đường
棣	đệ
棧	sạn
棨	khể
棫	vực
棬	khuyên
森	sâm
棯	nhẫm
棰	truỳ
棱	lăng
棲	thê
棳	xuyết
棵	khoả
棸	trâu
棹	trác
棺	quan
棻	phân
棼	phần
椀	oản
椁	quách
椄	tiếp
椅	ỷ
椆	chu
椈	cúc
椉	thừa
椌	khoang
植	thực
椎	chuỳ|truỳ|chuy
椏	nha
椐	cư
椑	ty
椒	tiêu
椓	trác
椗	đính
椝	quy
椟	độc
椠	tạm
椤	la
椫	thiện
椭	thoả
椮	sâm
椰	dừa
椳	ôi
椴	đoạn
椵	giả
椶	tông
椷	giam
椸	di
椹	thậm
椽	chuyên
椾	tiên
椿	xuân
楀	vũ
楂	tra
楄	biên
楅	bức
楊	dương
楎	hồn
楓	phong
楔	tiết
楗	kiện
楘	mộc
楙	mậu
楚	sở
楛	hộ|khổ
楝	luyện
楞	lăng
楟	đình
楠	nam
楢	do
楣	my
楥	huyên
楦	huyên
楨	trinh
楩	tiện
楪	điệp
楫	tiếp
楬	kiệt
業	nghiệp
楮	chử
楯	thuẫn
楰	du
楳	mai
極	cực
楷	giai|khải
楸	thu
楹	doanh
楼	lâu
楽	lạc
概	khái
榄	lãm
榅	ôn
榆	du
榇	sấn
榈	lư
榉	cử
榎	giả
榔	lang
榕	dung
榖	cốc
榘	củ
榛	trăn
榜	bảng
榤	kiệt
榥	hoảng
榦	cán
榧	phỉ
榨	trá
榫	chuẩn
榭	tạ
榮	vinh
榰	chi
榱	suy
榲	ôn
榴	lựu
榷	các
榻	tháp
榼	khạp
榾	cốt
榿	khi
槀	cảo
槁	cảo
槃	bàn
槊	sóc
構	cấu
槌	chuỳ
槍	thương
槎	tra
槐	hoè
槑	mai
槓	cống
槔	cao
槕	trác
槖	thác
様	dạng
槚	giả
槛	hạm
槟	tân
槠	chư
槢	tập
槤	liên
槥	tuệ
槧	tạm
槨	quách
槩	khái
槭	túc
槮	sâm
槱	dửu
槲	hộc
槳	tưởng
槵	hoạn
槹	cao
槺	khang
槻	quy
槼	quy
槽	tào
槾	man
槿	cẩn
樁	trang
樂	lạc|nhạc
樅	tung
樆	ly
樊	phiền
樐	lỗ
樑	lương
樓	lâu
樗	sư
樘	đường
標	tiêu
樛	cù
樞	xu
樟	chương
樠	man
模	mô
樣	dạng
樧	sát
樨	tê
権	quyền
横	hoành|hoạnh
樯	tường
樱	anh
樲	nhị
樴	chức
樵	tiều
樸	phác
樹	thụ
樺	hoa
樻	quỹ
樽	tôn
樾	việt
樿	thiện
橃	phạt
橄	cảm
橇	khiêu
橈	nhiêu
橊	lựu
橋	kiều
橐	thác
橕	sanh
橘	quýt
橙	tranh
橚	túc
橛	quyết
橜	quyết
機	cơ
橡	tượng
橢	thoả
橤	nhuỵ
橥	trư
橧	tăng
橫	hoành|hoạnh
橱	trù
橹	lỗ
橼	duyên
橾	táo
橿	cương
檀	đàn
檁	lẫm
檃	ổn
檄	hịch
檇	tuy
檉	sanh
檊	cán
檍	ức
檎	cầm
檐	diêm
檑	lôi
檔	đáng
檗	bách
檜	cối
檝	tiếp
檟	giả
檠	kềnh
檢	kiểm
檣	tường
檥	nghĩ
檩	lẫm
檬	mông
檮	đào
檯	đài
檳	tân
檸	ninh
檻	hạm
櫂	trạo
櫃	quỹ
櫆	khôi
櫈	đắng
櫌	ưu
櫓	lỗ
櫚	lư
櫛	trất
櫜	cao
櫝	độc
櫞	duyên
櫟	lịch
櫡	trước
櫥	trù
櫧	chư
櫨	lô
櫪	lịch
櫫	trư
櫬	sấn
櫱	nghiệt
櫳	lồng
櫸	cử
櫺	linh
櫻	anh
櫽	ẩn
欂	bạc
欃	sàm
欄	lan
權	quyền
欎	uất
欏	la
欐	lệ
欑	toàn
欒	loan
欖	lãm
欙	luy
欛	bá
欝	uất
欞	linh
欠	khiếm
次	thứ
欢	hoan
欣	hân
欤	dư
欧	âu
欨	hu
欬	khái
欱	húp
欲	dục
欵	khoản
欶	sóc
欷	hy
欸	ải
欹	y
欺	khi
欻	hốt
欽	khâm
款	khoản
欿	khảm
歃	sáp
歆	hâm
歇	hiết
歈	du
歉	khiểm
歊	hiêu
歌	ca
歎	thán
歐	âu
歓	hoan
歔	hư
歕	phun
歗	khiếu
歘	hốt
歙	thiệp
歛	liễm
歜	xúc
歟	dư
歠	xuyết
歡	hoan
止	chỉ
正	chinh|chính|chánh
此	thử
步	bộ
武	võ
歧	kỳ
歩	bộ
歪	oai|oa
歫	cự
歯	xỉ
歰	sáp
歲	tuế
歳	tuế
歴	lịch
歷	lịch
歸	quy
歹	tồi
歺	ngạt
死	tử
歼	tiêm
歾	một
歿	một
殀	yểu
殁	một
殂	tồ
殃	ương
殄	điển
殆	đãi
殇	thương
殈	hức
殉	tuẫn
殊	thù
残	tàn
殍	biễu
殑	căng
殒	vẫn
殓	liệm
殖	thực
殗	yếp
殘	tàn
殙	hôn
殚	đàn
殛	cức
殜	triệp
殞	vẫn
殠	hú
殡	tấn
殢	thế
殣	cận
殤	thương
殥	dần
殪	ế
殫	đàn
殭	cương
殮	liệm
殯	tấn
殰	độc
殲	tiêm
殳	thù
殴	ẩu
段	đoạn
殷	ân|an|ẩn
殸	thanh
殹	ý
殺	sát
殻	xác
殼	xác
殽	hào
殿	điện
毀	huỷ
毁	huỷ
毂	cốc
毅	nghị
毆	ẩu
毈	đoạn
毉	y
毋	vô
毌	quán
母	mẫu
毎	mỗi
每	mỗi
毐	ải
毒	độc
毓	dục
比	tỷ|bỉ|bi
毕	tất
毖	bí
毗	tỳ
毘	tỳ
毙	tễ
毚	sàm
毛	mao
毡	chiên
毧	nhung
毫	hào
毬	cầu
毯	thảm
毳	thuế
毵	tam
毷	máo
毹	su
毽	kiến
毾	tháp
毿	tam
氂	mao
氄	nhũng
氅	sưởng
氆	phổ
氇	lỗ
氈	chiên
氉	táo
氊	chiên
氌	lỗ
氍	cù
氏	thị|chi
氐	đê|để
民	dân
氓	manh
气	khí
氕	phân
氖	nãi
気	khí
氘	đao
氙	tiên
氚	xuyên
氛	phân
氜	dương
氟	phất
氠	tiên
氡	đông
氢	khinh
氣	khí
氤	nhân
氥	tây
氦	hợi
氧	dưỡng
氨	an
氩	á
氪	khắc
氫	khinh
氬	á
氮	đạm
氯	lục
氰	tình
氲	uân
氳	uân
水	thuỷ
氵	thuỷ
氷	băng
永	vĩnh
氹	đãng
氺	thuỷ
氽	thận
氾	phiếm
氿	quỹ
汀	đinh
汁	trấp
求	cầu
汆	thoản
汇	hối|hội
汉	hán
汊	xá
汋	chước
汍	hoàn
汎	phiếm
汏	đại
汐	tịch
汔	khất
汕	sán
汗	hãn
汙	ô
汚	ô
汛	tấn
汜	dĩ
汝	nhữ
汞	cống
江	giang
池	trì
污	ô
汤	thang|sương
汧	khiên
汨	mịch
汩	cốt
汪	uông
汭	nhuế
汰	thải
汲	cấp
汳	biện
汴	biện
汶	vấn
汹	hung
決	quyết
汽	khí
汾	phần
沁	thấm
沂	nghi
沃	ốc
沄	vân
沅	nguyên
沆	hãng
沇	duyện
沈	thẩm|trầm
沉	trầm
沌	độn
沍	hộ
沏	thế
沐	mộc
沒	một
沓	đạp
沔	miện
沕	vật
沖	xung
沙	sa
沚	chỉ
沛	bái
沟	câu
没	một
沣	phong
沤	âu|ủ
沥	lịch
沦	luân
沧	thương
沨	phong
沩	quy
沪	hỗ
沫	mạt
沬	muội
沭	thuật
沮	trở
沱	đà
河	hà
沴	lệ
沸	phí
油	dầu
沺	điền
治	trị
沼	chiểu
沽	cô
沾	triêm
沿	duyên
況	huống
泂	huýnh
泃	cú
泄	tiết
泅	tù
泆	dật
泇	gia
泉	tuyền
泊	bạc
泌	bí
泐	lặc
泑	ửu
泒	cô
泓	hoằng
泔	cam
法	pháp
泖	mão
泗	tứ
泙	bình
泚	thử
泛	phiếm
泜	trì
泝	tố
泞	nính
泠	linh
泡	phao|bào
波	ba
泣	khấp
泥	nê|nệ|nễ
注	chú
泪	lệ
泫	huyễn
泭	phu
泮	phán
泯	mẫn
泰	thái
泱	ương
泲	tể
泳	vịnh
泵	bơm
泷	sang|lung|lang
泸	lô
泺	lạc
泻	tả
泼	bát
泽	trạch
泾	kinh
洁	khiết
洄	hồi
洇	yên|nhân
洊	tiến
洋	dương
洌	liệt
洎	kịp
洏	nhi
洑	phục
洒	sái
洗	tẩy
洙	chu
洚	giáng
洛	lạc
洞	động
洟	thế
洣	mễ
津	tân
洧	vị
洨	hào
洩	tiết
洪	hồng
洫	hức
洭	khuông
洮	thao
洱	nhĩ
洲	châu
洳	như
洴	bình
洵	tuân
洶	hung
洸	quang
洹	hoàn
洺	minh
活	hoạt
洼	oa
洽	hiệp|hợp
派	phái
洿	ô
流	lưu
浃	tiếp
浄	tịnh
浅	tiên|thiển
浆	tương
浇	kiêu
浈	trinh
浉	sư
浊	trọc
测	trắc
浍	quái
济	tể|tế
浏	lưu
浐	sản
浑	hồn
浒	hử
浓	nồng
浔	tầm
浕	tấn
浙	chiết
浚	tuấn
浜	banh|binh
浞	trác
浠	hy
浡	bột
浣	hoán
浤	hoành
浥	ấp
浦	phổ
浩	hạo
浪	lãng
浬	lý
浭	canh
浮	phù
浯	ngô
浰	lợi
浴	dục
海	hải
浸	tẩm
浹	tiếp
浼	mỗi
浽	tuy
涂	đồ
涅	niết
涇	kinh
消	tiêu
涉	thiệp
涊	niễn
涌	dũng
涎	tiên
涐	nga
涑	tốc
涒	thôn
涓	quyên
涔	sầm
涕	thế
涖	lị
涘	sĩ
涛	đào
涝	lạo
涞	lai
涟	liên
涡	qua|oa
涢	vân
涣	hoán
涤	địch
润	nhuận
涧	giản
涨	trướng
涩	sáp
涪	phù
涫	quán
涬	hãnh
涮	xuyến
涯	nhai
液	dịch
涴	ngoạ
涵	hàm
涷	đông
涸	hạc
涼	lương|lượng
涿	trác
淀	điến
淂	đắc
淄	truy
淅	tích
淆	hào
淇	kỳ
淋	lâm
淌	thảng
淏	hạo
淑	thục
淒	thê
淖	náo
淘	đào
淙	tông
淚	lệ
淛	chiết
淜	bằng
淝	phì
淞	tùng
淟	điến
淠	bái
淡	đạm
淢	vực
淤	ứ
淥	lục
淦	cam
淨	tịnh
淩	lăng
淪	luân
淫	dâm
淬	thối
淮	hoài
淯	dục
淰	niệm
深	thâm
淳	thuần
淵	uyên
淶	lai
混	hỗn|hồn
淸	thanh
淹	yêm
淺	tiên|thiển
添	thiêm
淼	miểu
清	thanh
渊	uyên
渌	lục
渍	tý
渎	độc
渐	tiêm|tiệm
渑	thằng
渔	ngư
渖	thẩm
渗	sấm
渙	hoán
渚	chử
減	giảm
渝	du
渟	đình
渠	cừ|cự
渡	độ
渢	phong
渣	tra
渤	bột
渥	ác
渦	qua|oa
渨	ôi
温	ôn
渫	tiết
測	trắc
渭	vị
渮	ca
港	cảng
渰	yểm
渲	tuyển
渴	khát
游	du
渺	miểu
渼	mỹ
渾	hồn
湃	phái
湄	my
湅	luyện
湉	điềm
湊	thấu
湋	vy
湌	xan
湍	thoan
湎	miện
湑	tư
湓	bồn
湔	tiên
湖	hồ
湘	tương
湛	trạm
湜	thực
湝	giai
湞	trinh
湟	hoàng
湢	bức
湣	mẫn
湧	dũng
湩	đống
湫	tiểu|tưu
湮	yên|nhân
湯	thang|sương
湱	hoạch
湲	viên
湻	thuần
湼	niết
湾	loan
湿	thấp
溃	hội
溅	tiễn
溆	tự
溇	lâu|lũ
溈	quy
溉	khái
溍	tấn
溎	quế
溏	đường
源	nguyên
準	chuẩn
溘	khạp
溛	oa
溜	lựu|lưu
溝	câu
溟	minh
溠	trá
溢	dật
溥	phổ
溦	vi
溧	lật
溪	khê
溫	ôn
溮	sư
溯	tố
溱	trăn
溲	sưu
溳	vân
溴	xú
溵	ân
溶	dung
溷	hỗn
溺	nịch|niệu
溻	thạp
溼	thấp
溽	nhục
滁	trừ
滂	bàng
滃	ổng
滄	thương
滅	diệt
滇	điền
滉	hoảng
滋	tư
滌	địch
滍	trĩ
滎	huỳnh
滏	phủ
滑	hoạt
滓	chỉ
滔	thao
滕	đằng
滗	tiết
滘	khiếu
滙	hối
滚	cổn
滛	dâm
滝	long
滞	trệ
滠	nhiếp
满	mãn
滢	huỳnh
滤	lự
滥	lạm
滦	loan
滨	tân
滩	than
滪	dự
滫	tựu
滬	hỗ
滮	bưu
滯	trệ
滲	sấm
滴	tích
滷	lỗ
滸	hử
滹	hô
滻	sản
滾	cổn
滿	mãn
漁	ngư
漂	phiêu|phiếu
漆	tất
漈	tế
漉	lộc
漊	lâu|lũ
漎	tùng
漏	lậu|lộ
漓	ly
演	diễn
漕	tào
漘	thần
漙	đoàn
漚	âu|ủ
漠	mạc
漢	hán
漣	liên
漥	oa
漦	ly
漨	bồng
漩	tuyền
漪	y
漫	mạn
漬	tý
漭	mãng
漯	tháp
漰	băng
漱	súc
漲	trướng
漳	chương
漵	tự
漶	hoán
漷	khuếch
漸	tiêm|tiệm
漼	thôi
漾	dạng
漿	tương
潀	tùng
潁	dĩnh
潄	súc
潆	oanh
潇	tiêu
潋	liễm
潍	duy
潎	bệ
潏	quất
潑	bát
潔	khiết
潕	vũ
潗	tập
潘	phan
潚	tiêu
潛	tiềm
潜	tiềm
潝	hấp
潞	lộ
潟	tích
潠	tốn
潢	hoàng
潤	nhuận
潦	lạo|lao
潭	đàm
潮	trào|triều
潯	tầm
潰	hội
潲	sảo
潴	chứa
潷	tiết
潸	san
潺	sàn
潼	đồng
潾	lân
澀	sáp
澁	sáp
澂	trừng
澄	trừng
澆	kiêu
澇	lạo
澈	triệt
澉	cảm
澌	tê
澍	thụ
澎	bành
澐	vân
澒	hống
澔	hạo
澗	giản
澜	lan
澟	lẫm
澠	thằng
澡	táo
澣	hoán
澤	trạch
澥	giải
澦	dự
澧	lễ
澨	thệ
澫	vạn
澮	quái
澰	liễm
澱	điến
澳	úc
澴	hoàn
澶	thiền
澹	đạm|đàm
澼	phích
激	kích
濁	trọc
濂	liêm
濃	nồng
濆	phần
濇	sáp
濈	trấp
濊	uế
濋	sở
濑	lại
濒	tần
濔	nhĩ
濕	thấp
濘	nính
濛	mông
濜	tấn
濞	tị
濟	tể|tế
濠	hào
濡	nhu
濤	đào
濩	hoạch
濫	lạm
濬	tuấn
濮	bộc
濯	trạo|trạc
濰	duy
濱	tân
濲	cốc
濶	khoát
濺	tiễn
濼	lạc
濾	lự
濿	lệ
瀁	dạng
瀅	huỳnh
瀆	độc
瀉	tả
瀋	thẩm
瀌	tiêu
瀍	triền
瀏	lưu
瀑	bạo|bộc
瀕	tần
瀘	lô
瀚	hãn
瀛	doanh
瀝	lịch
瀞	tịnh
瀟	tiêu
瀠	oanh
瀡	tuỷ
瀣	giới
瀦	chứa
瀧	sang|lung|lang
瀨	lại
瀰	my
瀱	kế
瀲	liễm
瀳	tiến
瀹	thược
瀺	sàm
瀼	nhương
瀾	lan
灃	phong
灄	nhiếp
灈	cù
灉	ung
灋	pháp
灌	quán
灏	hạo
灑	sái
灒	tán
灕	ly
灖	mị
灘	than
灝	hạo
灞	bá
灠	lãm|lạm
灣	loan
灤	loan
灥	tầm
灨	cám
灩	diễm
灪	uất
火	hoả
灬	hoả
灭	diệt
灯	đăng
灰	hôi
灴	hồng
灵	linh
灶	táo
灸	cứu
灺	tã
灼	chước
災	tai
灾	tai
灿	xán
炀	dương
炁	khí
炅	quý|quýnh
炆	văn
炉	lò
炊	xuy
炎	viêm
炒	sao
炔	quế|khuyết
炕	kháng
炘	hân
炙	chích
炜	vĩ
炝	sang
炤	chiếu
炫	huyễn
炬	cự
炭	thán
炮	bào|pháo
炯	quýnh
炰	bào
炱	đài
炳	bỉnh
炷	chú
炸	trác|tạc
点	điểm
為	vi|vị|vì
炻	thạch
炼	luyện
炽	sí
烁	thước
烂	lạn
烃	thinh
烈	liệt
烊	dương
烋	hao
烏	ô
烕	diệt
烖	tai
烘	hồng
烙	lạc
烛	chúc
烜	huyễn
烝	chưng
烟	yên
烤	khảo
烦	phiền
烧	thiêu
烨	diệp
烩	quái
烫	năng
烬	tẫn
热	nhiệt
烯	hy
烱	quýnh
烴	thinh
烶	diễn
烷	hoàn
烹	phanh
烺	lãng
烽	phong
焄	huân
焆	yết
焉	yên
焊	hàn
焌	tuấn
焐	ngộ
焓	hàm
焕	hoán
焖	muộn
焘	đảo
焙	bồi
焚	phần
焜	côn
焞	đôn
焠	tôi
無	vô|mô
焦	tiêu
焮	hân
焯	trác
焰	diễm
焱	diễm
然	nhiên
煁	thầm
煃	khuể
煅	đoán
煆	hà|hạ
煇	huy
煉	luyện
煊	huyên
煌	hoàng
煎	chiên
煏	phức
煑	chử
煒	vĩ
煕	hy
煖	noãn
煗	noãn
煙	yên
煚	quýnh
煜	dục
煝	my
煞	sát
煠	sáp
煢	quỳnh
煤	môi
煥	hoán
煦	hú
照	chiếu
煨	ôi
煩	phiền
煬	dương
煮	chử
煲	bao
煳	hồ
煴	uân
煸	biên
煺	thoái
煻	đường
煽	phiến
熀	hoảng
熄	tức
熅	uân
熇	khảo
熊	hùng
熏	huân
熒	huỳnh
熔	dung
熗	sang
熘	lựu
熙	hy
熛	tiêu
熟	thục
熠	dập
熤	tập
熥	thông
熨	uý|uất
熬	ngao
熯	hãn
熰	âu
熱	nhiệt
熲	quýnh
熳	mạn
熸	tiêm
熹	hy
熾	sí
熿	hoàng
燀	xiển
燁	diệp
燂	tầm
燃	nhiên
燄	diễm
燈	đăng
燉	đốn
燊	sân
燋	tiêu
燎	liệu
燏	duật
燐	lân
燒	thiêu
燔	phần
燕	yên|yến
燖	tầm
燙	năng
燜	muộn
營	doanh|dinh
燠	úc
燡	dịch
燥	táo
燦	xán
燧	toại
燬	huỷ
燭	chúc
燮	tiếp
燴	quái
燹	tiển
燻	huân
燼	tẫn
燾	đảo
燿	diệu
爆	bộc
爇	nhiệt
爊	ngao
爌	hoảng
爍	thước
爐	lò
爓	diễm
爕	tiếp
爗	diệp
爚	dược
爛	lạn
爝	tước
爟	quán
爥	chúc
爨	thoán
爪	trảo
爫	trảo
爬	bò
爭	tranh
爯	xưng
爰	viên
爱	ái
爲	vi|vị
爵	tước
父	phụ
爷	gia
爸	ba
爹	tía
爺	gia
爻	hào
爽	sảng
爾	nhĩ
爿	tường|bản
牀	sàng
牁	ca
牂	tang
牆	tường
片	phiến
版	bản
牋	tiên
牌	bài
牍	độc
牎	song
牏	du
牐	sáp
牒	điệp
牓	bảng
牕	song
牖	dũ
牘	độc
牙	nha
牚	sanh
牛	ngưu
牜	ngưu
牝	tẫn
牟	mưu|mâu
牠	tha
牡	mẫu
牢	lao
牣	nhận
牦	mao
牧	mục
物	vật
牮	tiến
牯	cổ
牲	sinh
牴	để
牵	khiên
牷	toàn
牸	tự
特	đặc
牺	hy
牻	mang
牼	khanh
牽	khiên
牾	ngỗ
牿	cố
犀	tê
犁	lê
犂	lê
犄	cơ
犆	đặc
犇	bôn
犉	nhuyên
犊	độc
犋	cụ
犍	kiền
犎	phong
犏	biên
犒	khao
犖	lạc
犗	giới
犛	ly
犠	hy
犢	độc
犧	hy
犨	thù
犩	nguy
犪	quỳ
犫	thù
犬	khuyển
犭	khuyển
犮	bạt
犯	phạm
犴	ngạn
犵	ngật
状	trạng
犷	quảng
犸	mã
犹	do
犺	kháng
狀	trạng
狁	duẫn
狂	cuồng
狃	nữu
狄	địch
狆	trọng
狈	bái
狉	phi
狍	bào
狎	hiệp
狐	hồ
狒	phí
狓	phi
狗	cẩu
狘	huyết
狙	thư
狝	tiển
狞	nanh
狠	ngận
狡	giảo
狥	tuẫn
狨	nhung
狩	thú
狫	lão
独	độc
狭	hẹp
狮	sư
狯	quái
狰	tranh
狱	ngục
狲	tôn
狴	bệ
狷	quyến
狸	ly
狹	hẹp
狺	ngân
狻	toan
狼	lang
狽	bái
猁	lợi
猂	hãn
猃	hiểm
猇	khiêu
猈	bãi
猊	nghê
猋	tiêu
猎	liệp
猓	quả
猕	my
猖	xương
猗	y
猘	chế
猙	tranh
猛	mãnh
猜	sai
猝	thốt
猞	xá
猟	liệp
猡	la
猢	hồ
猣	tông
猥	ổi
猨	viên
猩	tinh
猪	trư
猫	miêu
猬	vị
猭	duyên
献	hiến
猱	nao
猲	hạt|yết
猳	gia
猴	hầu
猵	biên
猶	do
猷	du
猺	dao
猻	tôn
猾	hoạt
猿	viên
獀	sưu
獁	mã
獃	ngai|ngốc
獄	ngục
獅	sư
獉	trăn
獋	hào
獍	kính
獎	thưởng
獏	mô
獐	chương
獒	ngao
獕	toả
獗	quyết
獘	tệ
獚	hoàng
獝	húc
獞	đồng
獠	liêu
獢	kiêu
獧	quyến
獨	độc
獪	quái
獫	hiểm
獬	giải
獭	thát
獮	tiển
獯	huân
獰	nanh
獱	tân
獲	hoạch
獳	nậu
獴	mông
獵	liệp
獷	quảng
獸	thú
獺	thát
獻	hiến
獼	my
獾	hoan
玀	la
玁	hiểm
玂	kỳ
玃	quặc
玄	huyền
玅	diệu
玆	tư
率	luật|suất|soái|suý|soát
玈	lô
玉	ngọc
玊	túc
王	vương|vượng
玍	ca
玎	đinh
玑	ky
玓	đích
玔	xuyến
玕	can
玖	cửu
玗	vu
玙	dư
玛	mã
玞	phu
玟	mân|văn
玠	giới
玤	bổng
玥	nguyệt
玦	quyết
玨	giác
玩	ngoạn
玫	mai
玭	biền
玮	vĩ
环	hoàn
现	hiện
玱	thương
玲	linh
玳	đại
玷	điếm
玹	huyền
玺	tỷ
玻	pha
玼	thử
珀	phách
珂	kha
珃	nhiễm
珅	thân
珈	gia
珉	mân
珊	san
珌	tất
珍	trân
珎	trân
珐	pháp
珑	lung
珓	giảo
珖	quang
珙	củng
珞	lạc
珠	châu
珡	cầm
珣	tuần
珥	nhị
珦	hướng
珧	diêu
珩	hành
珪	khuê
班	ban
珮	bội
珰	đang
珲	hồn
珵	trình
珷	vũ
珽	thỉnh
現	hiện
琀	hàm
琁	tuyền
球	cầu
琅	lang
理	lý
琇	tú
琉	lưu
琊	da
琎	tấn
琏	liễn
琐	toả
琖	trản
琚	cư
琛	sâm
琠	điển
琢	trác
琤	tranh
琥	hổ
琦	kỳ
琨	côn
琪	kỳ
琫	bổng
琬	uyển
琭	lộc
琮	tông
琯	quản
琰	diễm
琱	điêu
琲	bội
琳	lâm
琴	cầm
琵	tỳ
琶	bà
琹	cầm
琺	pháp
琼	quỳnh
琿	hồn
瑀	vũ
瑁	mạo
瑄	tuyên
瑇	đại
瑉	mân
瑋	vĩ
瑑	triện
瑕	hà
瑗	viện
瑙	não
瑚	hô
瑛	anh
瑜	du
瑞	thuỵ
瑟	sắt
瑠	lưu
瑢	dung
瑣	toả
瑤	dao
瑨	tấn
瑩	oánh
瑪	mã
瑭	đường
瑯	lang
瑰	khôi
瑱	thiến|chấn|trấn
瑲	thương
瑳	tha
瑶	dao
瑷	ái
瑸	tân
瑽	xung
瑾	cẩn
瑿	ê
璀	thôi
璁	thông
璃	ly|lê
璅	toả
璆	cầu
璇	tuyền
璈	ngao
璉	liễn
璊	môn
璋	chương
璎	anh
璐	lộ
璘	lân
璚	quỳnh
璜	hoàng
璞	phác
璟	cảnh
璠	phan
璡	tấn
璢	lưu
璣	ky
璦	ái
璧	bích
璨	xán
璩	cừ
璪	tảo
璫	đang
環	hoàn
璱	sắt
璲	toại
璵	dư
璸	tân
璺	vấn
璽	tỷ
璿	tuyền
瓀	nhuyễn
瓅	lịch
瓈	ly|lê
瓊	quỳnh
瓌	côi
瓏	lung
瓒	toản
瓔	anh
瓖	tương
瓘	quán
瓚	toản
瓛	hoàn
瓜	qua
瓞	điệt
瓠	hồ
瓢	biều
瓣	biện
瓤	nhương
瓦	ngoã
瓩	thiên ngoã
瓬	phưởng
瓮	úng
瓯	âu
瓴	linh
瓶	bình
瓷	từ
瓻	hy
瓿	bẫu
甀	truỵ
甁	bình
甃	trứu
甄	chân
甇	anh
甋	đích
甌	âu
甍	manh
甎	chuyên
甏	bạng
甑	tắng
甒	vũ
甓	bích
甔	đàm
甕	úng
甖	anh
甗	nghiễn
甘	cam
甙	đại
甚	thậm
甜	điềm
甝	hàm
甞	thường
生	sinh
甡	sân
產	sản
産	sản
甥	sanh
甦	tô
用	dụng
甩	suý
甪	lộ
甫	phủ
甬	dũng|thùng
甭	bằng
甯	ninh
田	điền
由	do
甲	giáp
申	thân
电	điện
男	nam
甸	điện
甹	phinh
町	đinh
画	hoạ|hoạch
甽	quyến
甾	tai
甿	manh
畀	tý
畂	mẫu
畅	sướng
畆	mẫu
畇	vận
畈	phiến
畊	canh
畋	điền
界	giới
畎	quyến
畏	uý
畔	bạn
留	lưu
畚	bổn
畛	chẩn
畜	súc|húc
畝	mẫu
畟	tắc
畢	tất
畤	trĩ
略	lược
畦	huề
畧	lược
番	phan|phiên
畫	hoạ|hoạch
畬	xa|dư
畮	mẫu
畯	tuấn
異	dị
畱	lưu
畴	trù
畵	hoạch
當	đương|đang|đáng
畷	chuyết
畸	ky
畹	uyển
畺	cương
畽	thoản
畾	lôi
畿	kỳ
疃	thoản
疆	cương
疇	trù
疉	điệp
疊	điệp
疋	thất|sơ|nhã
疎	sơ
疏	sơ|sớ
疐	chí
疑	nghi
疒	nạch
疔	đinh
疕	phỉ
疖	tiết
疗	liệu
疘	giang
疙	ngật
疚	cứu
疝	sán
疟	ngược
疠	lệ
疡	dương
疢	sấn
疣	vưu
疤	ba
疥	giới
疧	kỳ
疫	dịch
疬	lịch
疭	túng
疮	sang
疯	phong
疱	pháo
疲	bì
疳	cam
疴	kha
疵	tỳ
疸	đáp|đản
疹	chẩn
疼	đông
疽	thư
疾	tật
疿	phi
痁	thiêm
痂	già
痄	trá
病	bệnh
症	chứng|trưng
痈	ung
痉	kinh
痊	thuyên
痌	thông
痍	di
痎	giai
痏	vị
痐	hồi
痒	dưỡng
痔	trĩ
痕	ngân
痖	á
痗	mội
痘	đậu
痙	kinh
痚	hiêu
痛	thống
痞	bĩ
痠	toan
痡	phô
痢	lị
痣	chí
痤	toạ
痧	sa
痨	lao
痪	hoán
痫	giản
痯	quản
痰	đàm
痱	phi
痲	ma
痳	lâm
痴	si
痵	quý
痺	tý
痻	mân
痼	cố
痾	kha
痿	nuy
瘀	ứ
瘁	tuỵ
瘂	á
瘃	chúc
瘅	đan|đản
瘈	khế
瘉	dũ
瘊	hầu
瘋	phong
瘌	lạt
瘍	dương
瘏	đồ
瘐	dũ
瘓	hoán
瘕	gia
瘖	âm
瘗	ế
瘘	lũ
瘚	quyết
瘛	xiết
瘜	tức
瘝	quan
瘞	ế
瘟	ôn
瘠	tích
瘡	sang
瘢	ban
瘤	lựu
瘥	sái|ta
瘦	sấu
瘧	ngược
瘨	điên
瘩	đáp
瘪	biết
瘫	than
瘭	tiêu
瘯	thốc
瘰	lỗi
瘲	túng
瘳	sưu
瘴	chướng
瘵	sái
瘸	qua
瘺	lũ
瘻	lũ
瘼	mạc
瘾	ẩn
瘿	anh
療	liệu
癃	lung
癄	tiều
癅	lựu
癆	lao
癇	giản
癈	phế
癉	đan|đản
癌	ngai
癍	ban
癎	giản
癐	uy
癒	dũ
癕	ung
癖	phích
癘	lệ
癙	thử
癜	điến
癞	lại
癟	biết
癠	tễ
癡	si
癢	dưỡng
癣	tiển
癤	tiết
癥	trưng
癧	lịch
癩	lại
癫	điên
癬	tiển
癭	anh
癮	ẩn
癯	cù
癰	ung
癱	than
癲	điên
癶	bát
癸	quý
発	phát
登	đăng
發	phát
白	bạch
百	bách
皀	tấp
皁	tạo
皂	tạo
皃	mạo
的	đích
皆	giai
皇	hoàng
皈	quy
皋	cao
皎	kiểu
皐	cao
皑	ngai
皓	hạo
皕	bức
皖	hoãn
皙	tích
皚	ngai
皜	hạo
皞	hạo
皤	bà
皦	kiểu
皪	lịch
皫	phiếu
皭	tước
皮	bì
皰	pháo
皱	trứu
皲	quân
皴	thuân
皷	cổ
皸	quân
皺	trứu
皻	cha|tra
皽	chao
皿	mãnh
盂	vu
盃	bôi
盅	chung
盆	bồn
盇	hạp
盈	doanh
盉	hoà
益	ích
盋	bát
盌	oản
盍	hạp
盎	áng
盏	trản
盐	diêm
监	giam|giám
盒	hạp
盔	khôi
盖	cái
盗	đạo
盘	bàn
盛	thịnh|thình
盜	đạo
盝	lộc
盞	trản
盟	minh
盡	tận
監	giam|giám
盤	bàn
盥	quán
盦	am
盧	lô
盩	chu
盪	đãng
盬	cổ
盭	lệ
目	mục
盯	đinh
盱	hu
盲	manh
直	trực
相	tương|tướng
盹	độn
盻	hễ
盼	phán
盾	thuẫn
省	tỉnh
眄	miện
眇	miễu
眈	đam
眉	mi
眊	mạo
看	khán
眍	khu
眎	thị
眑	yểu
眕	chẩn
眙	dị
眚	sảnh
眛	muội
眞	chân
真	chân
眠	miên
眡	thị
眢	oan
眣	điệt
眥	tý
眦	tý
眨	trát
眩	huyễn
眬	lung
眭	tuy
眯	mị
眳	danh
眴	huyễn
眵	si
眶	khuông
眷	quyến
眸	mâu
眹	trẫm
眺	thiếu
眼	nhãn
眽	mạch
眾	chúng
着	trước|trứ
睁	tranh
睂	mi
睃	tuấn
睄	sảo
睅	hạn
睆	hoản
睇	đệ
睊	quyến
睍	hiện
睎	hy
睏	khốn
睐	lãi
睑	kiểm
睒	thiểm
睖	lăng
睘	quỳnh
睚	nhai
睛	tình
睜	tranh
睞	lãi
睟	tuý
睠	quyến
睡	thuỵ
睢	tuy
督	đốc
睥	bễ
睦	mục
睨	nghễ
睪	dịch
睫	tiệp
睬	thải
睹	đổ
睺	hầu
睽	khuê
睾	cao
睿	duệ
瞀	mậu
瞄	miêu
瞅	thu
瞇	mị
瞈	ổng
瞋	sân
瞌	khạp
瞍	tẩu
瞎	hạt
瞏	quỳnh
瞑	minh
瞒	man
瞖	ế
瞘	khu
瞜	lâu
瞞	man
瞟	phiếu
瞠	sanh
瞢	măng
瞤	nhuần|thuần
瞥	miết
瞧	tiều
瞩	chúc
瞪	trừng
瞫	thẩm
瞬	thuấn
瞭	liễu|liêu
瞰	khám
瞳	đồng
瞵	lân
瞷	gián
瞻	chiêm
瞼	kiểm
瞽	cổ
瞿	cù
矁	thiễu
矇	mông
矉	tần
矍	quắc
矓	lung
矗	súc
矙	khám
矚	chúc
矛	mâu
矜	căng
矞	duật
矟	sác
矠	tích
矢	thỉ
矣	hĩ
知	tri
矦	hầu
矧	thẩn
矩	củ
矫	kiểu
矬	toà
短	đoản
矮	ải
矯	kiểu
矰	tăng
矱	hoạch
石	thạch|đạn
矴	đính
矶	ky
矸	can
矻	khốt
矼	cang
矽	tịch
矾	phàn
矿	khoáng|quặng
砀	đãng
码	mã
砂	sa
砃	đan
砅	lệ
砆	phu
砉	hoạch
砌	thế
砍	khảm
砑	nhạ
砒	tỳ
研	nghiên
砖	chuyên
砗	xa
砚	nghiễn
砜	phong
砝	pháp
砠	thư
砢	loã
砣	đà
砥	để
砦	trại
砧	châm
砩	phế|phất
砭	biêm
砮	nỗ
砰	phanh
砲	pháo
砳	lặc
破	phá
砵	bát
砷	thân
砸	tạp
砺	lệ
砻	lung
砼	đồng
砾	lịch
础	sở
硁	khanh
硃	chu
硅	khuê
硇	nao
硌	các
硍	khẩn
硎	hình
硏	nghiên
硐	động
硒	tây
硕	thạc
硖	giáp
硗	khao
硙	cai|ngôi|ngại
硚	kiều
硜	khanh
硝	tiêu
硤	giáp
硨	xa
硪	ngạ
硫	lưu
硬	ngạnh
硭	mang
确	xác
硯	nghiễn
硵	lỗ
硷	kiềm
硼	bằng
硾	truỵ
碁	kỳ
碃	thanh
碇	đính
碉	điêu
碌	lựu|lục
碍	ngại
碎	toái
碏	thước
碑	bi
碓	đối
碔	vũ
碗	oản
碘	điển
碚	bội
碛	thích
碜	sẩm
碞	nham
碟	điệp
碡	độc
碣	kiệt
碥	biển
碧	bích
碩	thạc
碪	châm
碫	đoán
碭	đãng
碯	não
碰	bính
碲	đế
碳	thán
碴	tra
碸	phong
確	xác
碻	xác
碼	mã
碾	niễn
磁	từ
磅	bảng
磈	uỷ
磉	tảng
磊	lỗi
磋	tha
磐	bàn
磑	cai|ngôi|ngại
磔	trách
磕	khái
磙	cổn
磚	chuyên
磛	sàm
磟	lựu
磠	lỗ
磡	khám
磣	sẩm
磤	ân
磥	lỗi
磧	thích
磨	ma|mài|má
磪	thôi
磬	khánh
磯	ky
磲	cừ
磴	đặng
磵	giản
磷	lân
磹	điệm
磺	huỳnh
磻	bàn
磽	khao
礁	tiêu
礄	kiều
礅	đôn
礆	kiềm
礌	lôi
礎	sở
礓	cương
礙	ngại
礚	khái
礜	dự
礝	nhuyễn
礞	mông
礡	bạc
礤	sát
礦	khoáng|quặng
礧	lôi
礪	lệ
礫	lịch
礬	phàn
礮	pháo
礱	lung
示	thị
礻	thị
礼	lễ
礽	nhưng
社	xã
礿	dược
祀	tự
祁	kỳ
祂	tha
祃	mã
祅	yêu
祆	hiên
祇	chỉ|kỳ
祈	kỳ
祉	chỉ
祊	banh
祎	y
祏	thạch
祐	hữu
祓	phất
祔	phụ
祕	bí
祖	tổ
祗	chi
祘	toán
祚	tộ
祛	khư
祜	hỗ
祝	chúc
神	thần
祟	tuý
祠	từ
祢	nỉ|nễ
祥	tường
祧	thiêu
票	phiếu
祫	hợp
祭	sái|tế
祯	trinh
祲	tẩm
祷	đảo
祸	hoạ
祺	kỳ
祻	cố
祼	quán
祿	lộc
禀	bẩm
禁	cầm|câm|cấm
禂	đảo
禄	lộc
禅	thiền|thiện
禊	hễ
禋	yên
禍	hoạ
禎	trinh
福	phúc
禔	đề
禕	y
禖	môi
禘	đế
禚	chước
禛	chân
禜	vinh
禠	tư
禡	mã
禦	ngự
禧	hỷ
禨	ky
禩	tự
禪	thiền|thiện
禫	đạm
禮	lễ
禰	nễ
禱	đảo
禳	nhương
禴	dược
禸	nhựu
禹	vũ
禺	ngẫu|ngu|ngụ
离	ly
禽	cầm
禾	hoà
禿	thốc
秀	tú
私	tư
秃	thốc
秆	cán
秈	tiên
秉	bỉnh
秊	niên
秋	thu
秌	thu
种	chủng|trồng|chúng
秏	hao
科	khoa
秒	miểu
秔	canh
秕	bỉ
秘	bí
秜	ni
租	tô
秠	phi
秣	mạt
秤	xứng
秦	tần
秧	ương
秩	trật
秫	thuật
秬	cự
秭	tỷ
积	tích
称	xứng|xưng
秷	xứng
秸	kiết
移	di
秽	uế
秾	nùng
稀	hy
稂	lang
稃	phu
稅	thuế
稆	lữ
稈	cán
稉	canh
稊	đề
程	trình
稌	đồ
稍	sảo|sao
税	thuế
稑	lục
稔	nhẫm
稗	bại
稙	trị
稚	trĩ
稛	khổn
稜	lăng
稞	khoa
稟	bẩm
稠	trù
稣	tô
稨	biển
稬	noạ
稭	kiết
種	chủng|trồng|chúng
稱	xứng|xưng
稳	ổn
稷	tắc
稹	chẩn
稺	trĩ
稻	đạo
稼	giá
稽	kê|khể
稾	cảo
稿	cảo
穀	cốc
穄	tế
穅	khang
穆	mục
穇	sam
穈	môn
穉	trĩ
穊	ký
穋	lục
穌	tô
積	tích
穎	dĩnh
穑	sắc
穗	tuệ
穜	đồng
穟	toại
穠	nùng
穡	sắc
穢	uế
穤	noạ
穧	tế
穨	đồi
穩	ổn
穫	hoạch
穭	lữ
穮	tiêu
穰	nhương
穴	huyệt
穵	oạt
究	cứu
穷	cùng
穸	tịch
穹	khung
空	không|khống
穽	tỉnh
穿	xuyên
窀	truân
突	đột
窃	thiết
窄	trách
窅	yểu
窆	biếm
窈	yểu
窊	oa
窋	truật
窌	giáo
窍	khiếu
窎	điếu
窑	diêu
窒	trất
窓	song
窔	yểu
窕	điệu
窖	giáo
窗	song
窘	quẫn
窜	thoán
窝	oa
窞	đạm
窟	quật
窠	khoa
窣	tốt
窥	khuy
窦	đậu
窨	huân|ấm
窩	oa
窪	oa
窬	du
窭	cũ
窮	cùng
窯	diêu
窰	diêu
窳	dũ
窴	điền
窵	điếu
窶	cũ
窸	tất
窺	khuy
窻	song
窾	khoản
窿	lung
竁	xuế
竄	thoán
竅	khiếu
竇	đậu
竈	táo
竊	thiết
立	lập
竑	hoành
竖	thụ
站	trạm
竚	trữ
竜	long
竝	tịnh
竞	cạnh
竟	cánh
章	chương
竢	sĩ
竣	thuân
童	đồng
竦	tủng
竪	thụ
竭	kiệt
端	đoan
競	cạnh
竹	trúc
竺	trúc|đốc
竽	vu
竾	trì
竿	can
笃	đốc
笄	kê
笆	ba
笈	cấp
笊	tráo
笋	duẩn
笏	hốt
笐	hàng
笑	tiếu
笓	tỳ
笔	bút
笕	kiển
笙	sanh
笛	địch
笞	si
笠	lạp
笤	điều
笥	tứ
符	phù
笨	đần
笪	đát
笫	chỉ
第	đệ
笭	linh
笮	trách
笯	nô
笰	phất
笱	cẩu
笲	phiền
笳	già
笵	phạm
笸	phả
笺	tiên
笻	cung
笼	lồng|lung
笾	biên
筅	tiển
筆	bút
筇	cung
筈	quát
等	đẳng
筊	giảo
筋	cân
筌	thuyên
筍	duẩn
筏	phiệt
筐	khuông
筑	trúc
筒	đồng
答	đáp
策	sách
筘	khấu
筚	tất
筛	si
筜	đương
筝	tranh
筞	sách
筠	quân
筢	ba
筤	lang
筥	cử
筦	quản
筧	kiển
筩	đồng
筭	toán
筮	phệ
筯	trợ
筰	tạc
筱	tiểu
筲	sao
筳	đình
筴	sách
筵	diên
筷	khoái
筸	can
筹	trù
筼	vân
签	thiêm
简	giản
箅	bế
箇	cá
箊	ư
箋	tiên
箍	cô
箎	trì
箏	tranh
箐	thiến
箑	tiệp
箒	chổi
箓	lục
箔	bạc
箕	cơ
算	toán
箘	khuân
箙	phục
箜	không
箝	kiềm
箠	chuỷ
管	quản
箦	trách
箧	khiếp
箨	thác
箩	la
箪	đan
箫	tiêu
箬	nhược
箭	tiễn
箯	tiên
箱	rương
箴	châm
箸	trợ
箾	sóc
節	tiết
篁	hoàng
範	phạm
篆	triện
篇	thiên
築	trúc
篋	khiếp
篌	hầu
篑	quỹ
篓	lâu
篔	vân
篘	trừu
篙	cao
篚	phỉ
篛	nhược
篝	câu
篠	tiểu
篡	soán
篤	đốc
篥	lật
篦	bí
篧	trạc
篨	trừ
篩	si
篪	trì
篮	lam
篯	tiên
篰	bộ
篱	ly
篲	tuệ
篳	tất
篴	địch
篷	bồng
篹	toán|soạn|toản
篼	đâu
篾	miệt
簀	trách
簁	si
簃	di
簆	khấu
簇	thốc
簋	quỹ
簌	tốc
簍	lâu
簏	lộc
簑	thoa
簒	soán
簖	đoán
簜	đãng
簝	liêu
簞	đan
簟	điệm
簠	phủ
簡	giản
簣	quỹ
簥	kiểu
簦	đăng
簧	hoàng
簨	tuẩn
簪	trâm
簫	tiêu
簬	lộ
簮	trâm
簰	bài
簷	diêm
簸	bá
簹	đương
簻	qua
簽	thiêm
簾	liêm
簿	bạ
籀	trứu
籁	lại
籃	lam
籅	dư
籊	địch
籌	trù
籍	tịch
籐	đằng
籑	soạn
籒	trứu
籔	tẩu
籖	thiêm
籙	lục
籚	lư
籛	tiên
籜	thác
籝	doanh
籟	lại
籠	lồng|lung
籢	liêm
籣	lan
籤	thiêm
籥	dược
籧	cừ
籩	biên
籪	đoán
籬	ly
籭	si
籮	la
籯	doanh
籲	dụ
米	mễ
籴	địch
籸	sân
籹	nhữ
类	loại
籼	tiên
籽	tử
粃	bỉ
粇	canh
粉	phấn
粋	tuý
粑	ba
粒	lạp
粔	cự
粕	phách
粗	thô
粘	niêm
粛	túc
粜	thiếu
粝	lệ
粞	tê
粟	túc
粢	tư
粤	việt
粥	dục|chúc
粦	lân
粧	trang
粪	phân
粮	lương
粰	phu
粱	lương
粲	xán
粳	canh
粵	việt
粹	tuý
粺	bại
粻	trương
粼	lân
粽	tống
精	tinh
粿	quả
糁	tảm
糅	nhữu
糇	hầu
糈	tư
糉	tống
糊	hồ
糌	ta
糍	từ
糒	bí
糔	tưu
糕	cao
糖	đường
糗	khứu
糙	tháo
糜	my
糝	tảm
糞	phân
糟	tao
糠	khang
糢	mô
糧	lương
糨	cưỡng
糯	noạ
糰	đoàn
糱	nghiệt
糲	lệ
糴	địch
糶	thiếu
糸	mịch
糹	mịch
糺	củ
系	hệ
糾	củ
紀	kỷ
紂	trụ
紃	xuyên
約	yêu|ước
紅	hồng|công
紆	hu
紇	hột
紈	hoàn
紉	nhận
紊	vặn
紋	văn
納	nạp
紐	nữu
紑	phù
紓	thư
純	thuần
紕	phi
紗	sa
紘	hoành
紙	chỉ
級	cấp
紛	phân
紜	vân
紝	nhâm
紞	đãn
紟	câm
素	tố
紡	phưởng
索	sách
紥	trát
紧	khẩn
紩	trật
紫	tử
紬	trừu
紮	trát
累	luỵ|luỹ|luy
細	tế
紱	phất
紲	tiết
紳	thân
紵	trữ
紹	thiệu
紺	cám
紼	phất
紽	đà
紾	chẩn
紿	đãi
絀	truất
絁	thi
終	chung
絃	huyền
組	tổ
絅	quýnh
絆	bán
経	kinh
絍	nhâm
絎	hàng
絏	tiết
結	kết
絓	quái|quai
絕	tuyệt
絖	khoáng
絚	căng
絛	thao
絜	khiết|kiết|hiệt
絝	khố
絞	giảo
絡	lạc
絢	huyến
絣	băng
給	cấp
絨	nhung
絪	nhân
絫	luỹ
絮	nhứ
絰	điệt
統	thống
絲	tơ
絳	giáng
絶	tuyệt
絷	trập
絹	quyên
絺	hy
絻	miện|vấn
絿	cầu
綀	sơ
綁	bảng
綂	thống
綃	tiêu
綅	xâm
綆	cảnh
綈	đề
綉	tú
綌	khích
綍	phất
綎	đinh
綏	tuy
綑	khổn
經	kinh
綖	diên
綘	phùng
継	kế
続	tục
綜	tống|tổng|tông
綝	sâm
綠	lục
綢	trù
綣	quyển
綦	kỳ
綪	thiến
綫	tuyến
綬	thụ
維	duy
綮	khể
綯	đào
綰	oản
綱	cương
網	võng
綳	băng
綴	chuyết|xuyết|chuế
綵	thái
綷	tuý
綸	luân
綹	lữu
綺	ỷ|khỉ
綻	trán
綽	xước
綾	lăng
綿	miên
緁	tiệp
緄	cổn
緅	tưu
緆	tích
緇	tri
緊	khẩn
緋	phi
緌	nhuy
緍	mân
緎	vực
総	tổng
緐	phồn
緑	lục
緒	tự
緖	tự
緗	tương
緘	giam
緙	khách
線	tuyến
緜	miên
緝	tập
緞	đoạn
締	đế
緡	mân
緣	duyên
緤	tiết
緥	bảo
緦	ty
編	biên
緩	hoãn
緪	căng
緫	tổng
緬	miến
緯	vĩ
緰	đầu
緱	câu
緲	miểu
練	luyện
緶	biền
緹	đề
緻	trí
縈	oanh
縉	tấn
縊	ải
縋	truý
縏	bàn
縐	trứu
縑	kiêm
縕	uân|uẩn
縗	thôi
縚	thao
縛	buộc|phược
縝	chẩn
縞	cảo
縟	nhục
縠	hộc
縡	tể
縢	đằng
縣	huyện
縦	túng
縧	thao
縩	sái
縫	phùng|phúng
縭	ly
縮	súc
縯	diễn
縰	sỉ
縱	tung|túng
縲	luy
縳	truyện
縴	khiên
縵	mạn
縶	trập
縷	lũ
縹	phiêu
縻	my
總	tổng
績	tích
縿	sam
繁	phồn
繃	băng
繄	ê
繅	sào
繆	mậu|liễu|mâu|mục
繇	dao|diêu|do|chựu|lựu
繈	cưỡng
繊	tiêm
繐	tuệ
繒	tăng
織	chức
繕	thiện
繖	tản
繘	quất
繙	phiên
繚	liễu
繞	nhiễu
繠	nhuỵ
繡	tú
繢	hội
繣	hoạch
繨	đáp
繩	thừng|thằng
繪	hội
繫	hệ
繭	kiển
繮	cương
繯	hoán
繰	sào|tao
繳	kiểu
繸	toại
繹	dịch
繻	nhu
繼	kế
繽	tân
繾	khiển
纁	huân
纂	toản
纆	mặc
纇	lỗi
纈	hiệt
纊	khoáng
續	tục
纍	luy
纎	tiêm
纏	triền
纑	lô
纒	triền
纓	anh
纔	tài
纕	tương
纖	tiêm
纘	toản
纙	la
纚	ly|sỉ
纛	đạo
纜	lãm
纟	mịch
纠	củ
纡	hu
红	hồng|công
纣	trụ
纤	khiên|tiêm
纥	hột
约	yêu|ước
级	cấp
纨	hoàn
纩	khoáng
纪	kỷ
纫	nhận
纬	vĩ
纭	vân
纮	hoành
纯	thuần
纰	phi
纱	sa
纲	cương
纳	nạp
纴	nhâm
纵	tung|túng
纶	luân
纷	phân
纸	chỉ
纹	văn
纺	phưởng
纻	trữ
纽	nữu
纾	thư
线	tuyến
绀	cám
绁	tiết
绂	phất
练	luyện
组	tổ
绅	thân
细	tế
织	chức
终	chung
绉	trứu
绊	bán
绋	phất
绌	truất
绍	thiệu
绎	dịch
经	kinh
绐	đãi
绑	bảng
绒	nhung
结	kết
绔	khố
绕	nhiễu
绖	điệt
绗	hàng
绘	hội
给	cấp
绚	huyến
绛	giáng
络	lạc
绝	tuyệt
绞	giảo
统	thống
绠	cảnh
绡	tiêu
绢	quyên
绣	tú
绤	khích
绥	tuy
绦	thao
继	kế
绨	đề
绩	tích
绪	tự
绫	lăng
续	tục
绮	ỷ|khỉ
绯	phi
绰	xước
绱	thượng|chưởng
绲	cổn
绳	thừng|thằng
维	duy
绵	miên
绶	thụ
绷	băng
绸	trù
绹	đào
绺	lữu
绻	quyển
综	tống|tổng|tông
绽	trán
绾	oản
绿	lục
缀	chuyết|xuyết|chuế
缁	tri
缂	khách
缃	tương
缄	giam
缅	miến
缆	lãm
缇	đề
缈	miểu
缉	tập
缊	uân|uẩn
缋	hội
缌	ty
缎	đoạn
缏	biền
缐	tuyến
缑	câu
缒	truý
缓	hoãn
缔	đế
缕	lũ
编	biên
缗	mân
缘	duyên
缙	tấn
缚	buộc|phược
缛	nhục
缜	chẩn
缝	phùng|phúng
缞	thôi
缟	cảo
缠	triền
缡	ly
缢	ải
缣	kiêm
缤	tân
缥	phiêu
缦	mạn
缧	luy
缨	anh
缩	súc
缪	mậu|liễu|mâu|mục
缫	sào
缬	hiệt
缭	liễu
缮	thiện
缯	tăng
缰	cương
缱	khiển
缲	sào|tao
缳	hoán
缴	kiểu
缵	toản
缶	phữu|phẫu|phũ
缸	cang
缺	khuyết
缽	bát
缾	bình
罂	anh
罃	oanh
罄	khánh
罅	há
罇	tôn
罈	đàm
罋	úng
罌	anh
罍	lôi
罎	đàm
罏	lư
罐	quán
网	võng
罒	võng
罔	võng
罕	hãn
罗	la
罘	phù
罚	phạt
罛	cô
罝	ta
罟	cổ
罠	mân
罡	cương
罢	bãi|ba
罣	quái
罥	quyến
罦	phù
罨	yểm
罩	tráo
罪	tội
罫	quải
罭	vực
置	trí
罰	phạt
罱	lãm
署	thự
罳	ty
罴	bi
罵	mạ
罶	lữu
罷	bãi|ba
罸	phạt
罹	lo
罻	uý
罽	kế
罾	tăng
罿	đồng
羀	lữu
羁	ky
羂	quyến
羃	mạc
羅	la
羆	bi
羇	ky
羈	ky
羊	dương
羋	mị
羌	khương
羍	thát
美	mỹ
羑	dữu
羔	cao
羖	cổ
羗	khương
羚	linh
羜	trữ
羝	đê
羞	tu
羟	khan
羢	nhung
羣	quần
群	quần
羥	khan
羨	tiện
義	nghĩa
羭	du
羮	canh
羯	yết
羰	thang
羱	nguyên
羲	hy
羴	thiên
羵	phần
羶	thiên
羸	luy
羹	canh
羼	sạn
羽	vũ
羿	nghệ
翀	xung
翁	ông
翃	hồng
翄	sí
翅	sí
翊	dực
翌	dực
翎	linh
翏	liệu
習	tập
翔	tường
翕	hấp
翘	kiều
翙	hối
翚	huy
翛	dựu
翟	địch|trạch
翠	thuý
翡	phỉ
翣	sáp
翥	trứ
翦	tiễn
翩	phiên
翫	ngoạn
翬	huy
翮	cách
翯	hạc
翰	hàn
翱	ngao
翳	ế
翹	kiều
翺	ngao
翻	phiên
翼	dực
翽	hối
翾	huyên
翿	đạo
耀	diệu
老	lão
耂	lão
考	khảo
耄	mạo
者	giả
耆	kỳ
耇	cẩu
耈	cẩu
耊	điệt
耋	điệt
而	nhi
耍	soạ
耎	nhuyễn
耏	nhi
耐	nại
耑	chuyên|đoan
耒	lỗi
耔	tỷ
耕	canh
耖	sáo
耗	hao
耘	vân
耙	ba|bá
耜	cử
耝	thư
耞	gia
耠	hoát
耡	sừ
耢	lạo
耤	tịch
耦	ngẫu
耧	lâu
耨	nậu
耩	giảng
耪	bảng
耬	lâu
耮	lạo
耰	ưu
耲	hoài
耳	nhĩ
耵	đinh
耶	gia|da
耷	đạp
耸	tủng
耻	sỉ
耼	đam
耽	đam
耿	cảnh
聂	nhiếp
聃	đam
聆	linh
聊	liêu
聋	lung
职	chức
聍	ninh
聒	quát
联	liên
聖	thánh
聘	sính
聚	tụ
聞	văn
聡	thông
聦	thông
聩	hội
聪	thông
聮	liên
聯	liên
聰	thông
聱	ngao
聲	thanh
聳	tủng
聴	thính
聵	hội
聶	nhiếp
職	chức
聹	ninh
聼	thính
聽	thính
聾	lung
聿	duật
肀	duật
肃	túc
肄	dị
肅	túc
肆	tứ
肇	triệu
肈	triệu
肉	nhục
肊	ức
肋	lặc
肌	cơ
肎	khẳng
肐	cách
肓	hoang
肕	nhận
肖	tiêu|tiếu
肘	chỏ
肚	đỗ
肛	giang
肜	dung
肝	can
肠	tràng
股	cổ
肢	chi
肤	phu
肥	phì
肧	phôi
肩	kiên
肪	phương
肫	truân
肬	vưu
肭	nạp
肮	khảng
肯	khẳng
肰	nhiên
肱	quăng
育	dục
肴	hào
肸	hật
肹	hật
肺	phế
肼	tỉnh
肽	thái
肾	thận
肿	trũng
胀	trướng
胁	hiếp
胂	thân
胃	vị
胄	trụ
胆	đảm
胇	phế
胊	cù
背	bối|bội
胍	cô
胎	thai
胏	chỉ
胑	chi
胔	tý
胖	bàn
胗	chân
胙	tạc
胚	phôi
胛	giáp
胜	thắng
胝	chi
胞	bào
胠	khư
胡	hồ
胤	dận
胥	tư
胦	ương
胧	lung
胨	đống
胪	lư
胫	hĩnh
胬	nỗ
胭	yên
胯	khoá
胰	di
胱	quang
胲	hợi
胳	cách
胴	đỗng
胶	giao
胸	hung
胹	nhi
胺	át
胻	hành
胼	biền
能	năng
胾	chí
脂	chi
脃	thuý
脅	hiếp
脆	thuý
脇	hiếp
脈	mạch
脉	mạch
脊	tích
脍	khoái
脏	tạng|tang
脐	tề
脑	não
脒	mễ
脓	nùng
脔	luyến
脖	bột
脗	vẫn
脘	oản
脚	cước
脛	hĩnh
脝	hanh
脞	toả
脡	đĩnh
脢	môi
脣	thần
脤	thận
脧	tuyên
脩	tu
脫	thoát
脬	phao
脯	phủ|bô
脰	đậu
脱	thoát
脲	niệu
脶	loa
脸	kiểm
脹	trướng
脾	tỳ
脿	biểu
腄	chuỷ
腆	thiển
腊	tịch|lạp
腋	dịch
腌	yêm
腍	nhẫm
腎	thận
腐	hủ
腑	phủ
腒	cừ
腓	phì
腔	khoang|xoang
腕	oản
腖	đống
腘	quắc
腚	đĩnh
腜	môi
腠	thấu
腡	loa
腥	tinh
腦	não
腧	thú
腩	nạm
腫	trũng
腭	ngạc
腮	tai
腯	đột
腰	yêu
腱	kiện
腳	cước
腴	du
腸	tràng
腹	phúc
腺	tuyến
腻	nhị
腽	ột
腾	đằng
腿	thối
膀	bảng|báng|bàng
膂	lữ
膃	ột
膆	tố
膇	truy
膈	cách
膊	bác
膋	liêu
膌	tích
膏	cao|cáo
膑	tẫn
膓	tràng
膕	quắc
膗	suỳ
膘	phiêu
膙	cưỡng
膚	phu
膛	thang
膜	mạc|màng
膝	tất
膟	suất
膠	giao
膣	trất
膦	lân
膨	bành
膩	nhị
膪	suý
膬	sế
膰	phần
膳	thiện
膴	hô
膵	tuỵ
膷	hương
膺	ưng
膻	thiên
膽	đảm
膾	khoái
膿	nùng
臀	đồn
臁	liêm
臂	tý
臃	ung
臄	cược
臆	ức
臇	tuyến
臈	lạp
臉	kiểm
臊	tao|táo
臋	đồn
臌	cổ
臍	tề
臏	tẫn
臐	huân
臑	nạo
臓	tạng
臕	phiêu
臘	lạp
臙	yên
臚	lư
臛	hoắc
臜	trâm
臝	loã
臞	cù
臟	tạng
臠	luyến
臢	trâm
臣	thần
臥	ngoạ
臧	tang|tạng
臨	lâm
自	tự
臬	niết
臭	xú|khứu
臯	cao
臲	niết
至	chí
致	trí
臺	đài
臻	trăn
臼	cữu
臽	hãm
臾	du
臿	sáp
舀	yểu
舁	dư
舂	thung
舄	tích
舅	cữu
舆	dư
與	dư|dữ|dự
興	hưng|hứng
舉	cử
舊	cựu
舋	hấn
舌	thiệt
舍	xá|xả
舎	xá
舐	thỉ
舒	thư
舓	thị
舔	thiểm
舖	phố
舘	quán
舛	suyễn
舜	thuấn
舝	hạt
舞	vũ
舟	chu
舠	đao
舡	hang
舢	san
舣	nghĩ
舨	bản
舩	thuyền
航	hàng
舫	phảng
般	ban|bàn|bát
舭	tỳ
舰	hạm
舱	thương
舲	linh
舳	trục
舴	trách
舵	đà
舶	bạc
舷	huyền
舸	khả
船	thuyền
舻	lô
艁	tạo
艄	sao
艅	dư
艇	đĩnh
艉	vĩ
艋	mãnh
艎	hoàng
艏	thủ
艑	biện
艖	xoa
艗	dật
艘	sưu
艙	thương
艚	tào
艟	đồng
艢	tường
艣	lỗ
艤	nghĩ
艦	hạm
艨	mông
艩	tề
艪	lỗ
艫	lô
艭	sang
艮	cấn
良	lương
艰	gian
艱	gian
色	sắc
艳	diễm
艴	phật
艶	diễm
艷	diễm
艸	thảo
艹	thảo
艺	nghệ
艽	giao
艾	ngải|nghệ
艿	nãi
芀	điêu
节	tiết
芃	bồng
芄	hoàn
芈	mị
芊	thiên
芋	dụ|vu
芍	thược
芎	khung
芏	đỗ
芑	khỉ
芒	mang
芔	huỷ
芗	hương
芘	tý
芙	phù
芚	đồn
芜	vu
芝	chi
芞	khất
芟	sam
芡	khiếm
芣	phù
芤	khưu
芥	giới
芦	lô
芧	tự
芨	cập
芩	cầm
芪	kỳ
芫	diêm|nguyên
芬	phân|phần
芭	ba
芮	nhuế
芯	tâm
芰	kỵ
花	hoa
芲	hoa
芳	phương
芴	hốt|vật
芷	chỉ
芸	vân
芹	cần
芻	sô
芼	mạo
芽	nha
芾	phí|phất
芿	nhứng
苁	thung
苇	vĩ
苈	lịch
苋	hiện
苌	trường
苍	thương
苎	trữ
苏	tô
苑	uyển
苒	nhiễm
苓	linh
苔	đài
苕	thiều|điều
苗	miêu
苘	khoảnh
苙	lập
苛	hà
苜	mục
苞	bao
苟	cẩu
苡	dĩ
苣	cự
苤	phiết
若	nhược|nhã
苦	khổ
苧	trữ|ninh
苫	thiêm
苯	bản
英	anh
苲	trả
苴	tư
苶	niết
苷	đại
苹	bình|tần
苺	môi
苻	phù
苾	bật
茀	phất
茁	truất
茂	mậu
范	phạm
茄	gia|cà
茅	mao
茆	mao|mão
茇	bạt
茈	sài
茉	mạt
茌	trì
茍	cấp
茎	hành
茏	long
茑	điểu
茓	huyệt
茔	doanh
茕	quỳnh
茗	mính
茘	lệ
茛	cấn
茜	thiến|tây
茝	sải
茞	thần
茢	liệt
茥	khuê
茦	sách
茧	kiển
茨	tỳ
茫	mang
茬	tra
茭	giao
茯	phục
茱	thù
茲	tư|từ
茳	giang
茴	hồi
茵	nhân
茶	trà
茷	pha
茸	nhung
茹	như
茻	mãng
茼	đồng
荀	tuân
荃	thuyên
荄	cai
荅	đáp
荆	kinh
荇	hạnh
荈	suyễn
草	thảo|tháo
荊	kinh
荍	kiều
荏	nhẫm
荐	tiến
荑	đề|di
荒	hoang
荔	lệ
荘	trang
荙	đạt
荚	giáp
荛	nhiêu
荜	tất
荝	trắc
荞	kiều
荟	hội
荠	tề
荡	đãng
荣	vinh
荤	huân
荥	huỳnh
荦	lạc
荧	huỳnh
荨	kiền
荩	tẫn
荪	tôn
荫	ấm
荭	hồng
药	dược
荳	đậu
荷	hà|hạ
荸	bột
荻	địch
荼	đồ
荽	tuy
莅	lị
莆	bồ
莉	lị
莊	trang
莎	sa|toa
莒	cử
莓	môi
莔	manh
莖	hành
莘	sân|tân
莙	quân
莚	diên
莛	đình
莝	toả
莞	quan|quản|hoản
莠	dửu
莢	giáp
莧	hiện
莨	lang
莩	phu|biễu
莪	nga
莫	mạc
莱	lai
莲	liên
莳	thì|thi
莴	oa
获	hoạch
莸	du
莹	oánh
莺	oanh
莼	thuần
莽	mãng
莿	thích
菀	uyển|uất
菁	tinh
菂	đích
菅	gian
菆	tưu
菇	cô
菉	lục
菊	cúc
菌	khuẩn
菎	côn
菏	hà
菑	tai|tri
菓	quả
菔	bặc
菖	xương
菘	tùng
菜	thái
菟	thỏ
菠	ba
菡	hạm
菢	bão
菣	khẩn
菩	bồ
菪	đãng
菫	cận
華	hoa|hoá
菰	cô
菱	lăng
菲	phi|phỉ
菴	am
菶	bổng
菷	chổi
菸	yên|ư
菹	thư
菺	kiên
菼	thảm
菽	thục
菾	điềm
萁	ky
萃	tuỵ
萄	đào
萅	xuân
萆	tỳ
萇	trường
萊	lai
萋	thê
萌	manh
萍	bình
萎	uỷ
萏	đạm
萐	tiệp
萑	hoàn
萘	nại
萚	thác
萜	thiếp
萝	la
萤	huỳnh
营	doanh|dinh
萦	oanh
萧	tiêu
萨	tát
萩	thu
萬	vạn
萱	huyên
萲	huyên
萴	trắc
萵	oa
萸	du
萹	phiên|biển
萼	ngạc
落	lạc
葄	tộ
葅	thư
葆	bảo
葇	nhu
葉	diệp
葑	phong
葒	hồng
葖	đột
著	trước|trứ
葙	tương
葚	thậm
葛	cát
葠	sâm
葡	bồ
董	đổng
葥	tiền
葦	vĩ
葩	ba
葫	hồ
葬	táng
葭	gia
葯	dược
葱	thông
葳	uy
葴	châm
葵	quỳ
葶	đình
葷	huân
葸	tỷ
葹	thi
葺	tập
葽	yêu
蒂	đế
蒇	sản
蒉	quỹ
蒋	tưởng
蒌	lâu
蒎	phái
蒏	vinh
蒐	sưu
蒓	thuần
蒔	thì|thi
蒗	lạng
蒙	mông
蒜	toán
蒞	lị
蒟	củ
蒡	bảng
蒢	trừ
蒦	hoạch
蒨	thiến
蒪	thuần
蒭	sô
蒯	khoái
蒱	bồ
蒲	bồ
蒴	sóc
蒸	chưng
蒹	kiêm
蒺	tật
蒻	nhược
蒼	thương
蒽	ân
蒿	hao
蓀	tôn
蓁	trăn
蓂	minh
蓄	súc
蓆	tịch
蓇	cốt
蓉	dung
蓊	ống
蓋	cái
蓍	thi
蓏	loả
蓐	nhục
蓑	thoa
蓓	bội
蓖	bế
蓝	lam
蓟	kế
蓠	ly
蓡	sâm
蓣	dự
蓥	oánh
蓦	mạch
蓧	điệu
蓬	bồng
蓮	liên
蓯	thung
蓰	tỷ
蓱	bình
蓴	thuần
蓷	thôi
蓺	nghệ
蓼	liệu|lục
蓽	tất
蓿	túc
蔀	bộ
蔂	luy
蔆	lăng
蔇	ký
蔉	cổn
蔌	tốc
蔎	thiết
蔑	miệt
蔓	man|mạn
蔔	bặc
蔕	đế
蔗	giá
蔘	sâm
蔚	uất|uý
蔞	lâu
蔟	thốc
蔡	thái
蔣	tưởng
蔥	thông
蔦	điểu
蔫	yên
蔬	sơ
蔭	ấm
蔯	trần
蔴	ma
蔷	tường
蔹	liễm
蔺	lận
蔻	khấu
蔼	ái
蔽	tế
蔾	lê
蕁	kiền
蕃	phồn|phiền|phiên
蕆	sản
蕈	tẩm
蕉	tiêu
蕊	nhuỵ
蕋	nhị
蕍	du
蕎	kiều
蕑	gian
蕓	vân
蕕	du
蕖	cừ
蕘	nhiêu
蕙	huệ
蕚	ngạc
蕝	tuyệt
蕞	tối
蕠	như
蕡	phần
蕢	quỹ
蕤	nhuy
蕨	quyết
蕩	đãng
蕪	vu
蕭	tiêu
蕮	tích
蕰	uẩn
蕲	kỳ
蕳	gian
蕴	uẩn
蕷	dự
蕸	hà
蕹	ung
蕺	trấp
蕻	hống
蕾	lôi
蕿	huyên
薀	uẩn
薄	bạc
薅	hao
薆	ái
薇	vy
薈	hội
薉	uế
薊	kế
薌	hương
薏	ý
薐	lăng
薑	khương
薔	tường
薖	khoa
薘	đạt
薙	thế
薛	tiết
薜	bệ
薢	giải
薤	giới
薦	tiến
薧	khảo
薨	hoăng
薩	tát
薪	tân
薬	dược
薮	tẩu
薯	thự
薰	huân
薳	vĩ
薴	ninh
薶	mai
薷	nhu
薸	phiêu
薹	đài
薺	tề
薻	tảo
薽	chân
薾	nhĩ
薿	nghĩ
藁	cảo
藇	tự
藉	tá|tạ|tịch
藊	biển
藍	lam
藎	tẫn
藏	tạng|tàng
藐	miểu
藓	tiển
藕	ngẫu
藘	lư
藚	tục
藜	lê
藝	nghệ
藟	luỹ
藤	đằng
藥	dược
藦	ma
藨	biêu
藩	phiên
藪	tẩu
藭	cùng
藳	cảo
藴	uẩn
藶	lịch
藷	thự
藹	ái
藺	lận
藻	tảo
藼	huyên
藾	lại
藿	hoắc
蘀	thác
蘁	ngộ
蘂	nhuỵ
蘄	kỳ
蘅	hành
蘆	lô
蘇	tô
蘊	uẩn
蘋	bình|tần
蘐	huyên
蘑	ma
蘓	tô
蘖	nghiệt
蘗	nghiệt
蘘	nhương
蘚	tiển
蘝	liễm
蘞	liễm
蘢	long
蘤	hoa
蘧	cừ
蘩	phiền
蘭	lan
蘸	chấm
蘺	ly
蘼	my
蘿	la
虀	tê
虆	luy
虍	hô
虎	hổ
虏	lỗ
虐	ngược
虑	lự
虒	ty
虓	hao
虔	kiền
處	xử|xứ
虖	hô
虗	hư
虚	hư
虛	hư
虜	lỗ
虞	ngu
號	gào|hào|hiệu
虡	cự
虢	quắc
虣	bạo
虧	khuy
虩	khích
虫	trùng
虬	cầu
虮	kỷ
虯	cầu
虰	đinh
虱	sắt
虵	xà
虷	can
虹	hồng
虺	hôi|huỷ
虻	manh
虼	khất
虽	tuy
虾	hà
虿	sái
蚀	thực
蚁	nghĩ
蚂	mã
蚃	hưởng
蚄	phương
蚆	ba
蚈	khiên
蚉	văn
蚊	văn
蚋	nhuế
蚌	bạng
蚍	tỳ
蚓	dẫn
蚕	tằm
蚖	ngoan|nguyên
蚘	hồi
蚛	trọng
蚜	nha
蚡	phần
蚣	công
蚤	tảo
蚦	nhiêm
蚧	giới
蚨	phù
蚩	si
蚪	đẩu
蚬	hiện
蚯	khưu
蚰	du
蚱	trách
蚲	bình
蚳	trì
蚴	u
蚵	hà
蚶	ham
蚹	phụ
蚺	nhiêm
蚻	trát
蚿	huyền
蛀	chú
蛁	điêu
蛄	cô
蛅	chiêm
蛆	thư
蛇	xà
蛉	linh
蛊	cổ
蛋	đản
蛎	lệ
蛏	sanh
蛐	khúc
蛑	mâu
蛔	hồi
蛕	hồi
蛘	dạng
蛙	oa
蛚	liệt
蛛	chu
蛜	y
蛞	khoát
蛟	giao
蛣	kiết
蛤	cáp
蛩	cung
蛭	điệt
蛮	man
蛰	trập
蛱	giáp
蛲	nhiêu
蛳	sư
蛴	tề
蛸	sao
蛹	nhộng
蛺	giáp
蛻	thuế
蛾	nga
蜀	thục
蜂	phong
蜃	thận
蜆	hiện
蜇	triết
蜈	ngô
蜉	phù
蜊	lị
蜋	lang
蜍	thừ
蜎	quyên
蜑	đản
蜒	diên
蜓	đình
蜕	thuế
蜗	oa
蜘	tri
蜚	phỉ
蜛	cư
蜜	mật
蜞	kỳ
蜡	lạp
蜢	mãnh
蜣	khương
蜥	tích
蜨	điệp
蜩	điêu
蜮	vực
蜯	bạng
蜱	tỳ
蜴	dịch
蜷	quyền
蜺	nghê
蜻	thanh
蜽	lưỡng
蜾	quả
蜿	uyển
蝀	đông
蝃	đế|chuyết
蝄	võng
蝇	dăng
蝈	quắc
蝉	thiền
蝌	khoa
蝍	tức
蝎	hiết
蝐	mội
蝒	miễn
蝓	du
蝕	thực
蝗	hoàng
蝘	yển
蝙	biên|biển
蝝	duyên
蝟	vị
蝠	bức
蝡	nhuyễn
蝣	du
蝤	tù
蝥	mâu
蝦	hà
蝨	sắt
蝮	phúc
蝯	viên
蝰	khuê
蝱	manh
蝲	lạt
蝳	đại
蝴	hồ
蝶	điệp
蝸	oa
蝻	nam
蝼	lâu
蝾	vinh
螀	tương
螂	lang
螃	bàng
螄	sư
螅	tức
螈	nguyên
螉	ông
螋	sưu
融	dung
螎	dung
螓	tần
螗	đường
螘	nghĩ
螙	đố
螞	mã
螟	minh
螡	văn
螢	huỳnh
螣	đằng
螨	mãn
螫	thích
螬	tào
螭	ly
螮	đế
螯	ngao
螳	đường
螵	phiêu
螺	loa
螻	lâu
螽	chung
螾	dẫn
螿	tương
蟀	suất
蟁	văn
蟄	trập
蟆	mô
蟇	mạc
蟈	quắc
蟊	mâu
蟋	tất
蟎	mãn
蟏	tiêu
蟑	chương
蟒	mãng
蟓	tượng
蟛	bành
蟜	kiểu
蟟	liêu
蟠	bàn
蟢	hỷ
蟣	kỷ
蟥	hoàng
蟨	quyết
蟪	huệ
蟬	thiền
蟮	thiện
蟯	nhiêu
蟲	trùng
蟶	sanh
蟷	đương
蟹	giải
蟺	thiện
蟻	nghĩ
蟾	thiềm
蠁	hưởng
蠂	nhiếp
蠃	loả
蠅	dăng
蠆	sái
蠉	huyên
蠊	liêm
蠋	trục
蠍	hiết
蠎	mãng
蠏	giải
蠐	tề
蠑	vinh
蠒	kiển
蠓	mông
蠔	hào
蠕	nhu
蠖	hoạch
蠙	tân
蠚	nhược
蠛	miệt
蠜	phàn
蠟	lạp
蠡	lê|lễ|lãi
蠢	xuẩn
蠣	lệ
蠧	đố
蠨	tiêu
蠩	chư
蠭	phong
蠮	ế
蠱	cổ
蠲	quyên
蠵	huề
蠶	tằm
蠷	cù
蠸	quyền
蠹	đố
蠻	man
蠼	quặc
蠽	tiệt
血	huyết
衁	hoang
衂	nục
衄	nục
衅	hấn
衆	chúng
衇	mạch
衈	nhị
衉	khách
衊	miệt
衋	hức
行	hàng|hạng|hành|hạnh
衍	diễn
衎	khản
衒	huyễn
術	thuật
衔	hàm
衕	đồng
衖	hạng
街	nhai
衙	nha
衚	hồ
衛	vệ
衝	xung
衞	vệ
衟	đạo
衡	hành
衢	cù
衣	y|ý
衤	y
补	bổ
表	biểu
衩	sái
衫	sam
衬	sấn
衭	phu
衮	cổn
衰	thôi|suy
衲	nạp
衵	nật
衷	trung
衹	chỉ|kỳ
衺	tà
衽	nhẫm
衾	khâm
衿	câm
袁	viên
袂	mệ
袄	áo
袅	niểu
袆	huy
袈	cà
袋	đại
袍	bào
袎	áo
袒	đản
袖	tụ
袗	chẩn
袚	phất
袜	vạt
袞	cổn
袟	trật
袠	trật
袢	phán
袤	mậu
袪	khư
被	bị
袭	tập
袯	bát
袱	phục
袲	di
袴	khố
袵	nhẫm
袷	giáp
袺	kết
袼	các
袽	như
袿	khuê
裀	nhân
裁	tài
裂	liệt
装	trang
裆	đũng
裈	côn
裉	khẳng
裊	niểu
裋	thụ
裌	giáp
裎	trình
裏	lý
裒	bầu
裔	duệ
裕	dụ
裘	cừu
裙	quần
裛	ấp
補	bổ
裝	trang
裟	sa
裠	quần
裡	lý
裢	liên
裣	liễm
裤	khố
裥	giản
裨	bì|tì
裩	côn
裯	trù
裰	xuyết|chuyết
裱	biểu
裲	lưỡng
裳	thường
裴	bùi
裸	loã|khoả
裹	khoả
裼	thế|tích
製	chế
裾	cư
褂	quái
複	phức
褊	biển
褌	côn
褎	tụ
褏	tụ
褐	hạt
褒	bao
褓	bảo
褔	phó
褕	du
褘	huy
褙	bối
褚	trữ
褛	lũ
褝	đan
褟	tháp
褡	đáp
褢	hoài
褥	nhục
褦	nại
褧	quýnh
褪	thoái|thốn
褫	sỉ
褭	niểu
褯	tạ
褰	khiên
褱	hoài
褲	khố
褳	liên
褴	lam
褵	ly
褶	tập|triệp
褸	lũ
褻	tiết
褽	uý
褾	biểu
襁	cưỡng
襃	bao
襄	tương
襆	phộc
襇	giản
襋	cức
襌	đan
襍	tạp
襏	bát
襕	lan
襖	áo
襚	tuỳ
襛	nùng
襜	xiêm
襝	liễm
襞	bích
襟	khâm
襠	đũng
襡	thục
襢	đản|triển
襤	lam
襥	bộc
襦	nhu
襪	vạt
襫	thích
襬	bãi
襭	hiệt
襮	bộc
襯	sấn
襲	tập
襴	lan
襶	đái
襻	phán
襼	nghệ
襾	á
西	tây
覀	á
要	yêu|yếu
覂	phủng
覃	đàm
覅	phiếu
覆	phúc
覇	bá
覈	hạch
覉	ky
覊	ky
見	kiến|hiện
規	quy
覓	mịch
覔	mịch
視	thị
覗	tư
覘	chiêm
覚	giác
覜	thiếu
覡	hích
覤	khích
覥	điễn
覦	du
覧	lãm
覩	đổ
親	thân|thấn
覬	ký
覯	cấu
覰	thứ
覲	cận
観	quan
覷	thứ
覺	giáo|giác
覽	lãm
覿	địch
觀	quán|quan
见	kiến|hiện
观	quán|quan
规	quy
觅	mịch
视	thị
觇	chiêm
览	lãm
觉	giáo|giác
觊	ký
觋	hích
觌	địch
觍	điễn
觎	du
觏	cấu
觐	cận
觑	thứ
角	giác|giốc|góc
觔	cân
觕	thô
觖	quyết
觚	cô
觜	tuy|chuỷ
觝	để
觞	thương
觡	cách
解	giải
觥	quang
触	xúc
觧	giải
觩	cầu
觫	tốc
觭	cơ
觯	chí
觱	tất
觳	hộc
觴	thương
觵	quang
觶	chí
觷	hạc
觸	xúc
觺	nghi
觼	quyết
觽	huề
觿	huề
言	ngôn
訂	đính
訃	phó
訄	cầu
訇	hoanh
計	kế
訊	tấn
訌	hồng
討	thảo
訏	hu
訐	kiết
訑	di
訒	nhẫn
訓	huấn
訕	san
訖	cật
託	thác
記	ký
訚	ngân
訛	ngoa
訝	ngạc
訟	tụng
訢	hân
訣	quyết
訥	nột
訧	vưu
訪	phỏng|phóng
訬	sao
設	thiết
許	hứa
訴	tố
訶	ha
訹	tuất
診	chẩn
註	chú
証	chứng
訾	ti|tí
詀	chiêm
詁	cổ
詅	linh
詆	để
詈	lị
詎	cự
詐	trá
詑	tha
詒	di
詔	chiếu
評	bình
詖	bí
詗	huýnh
詘	truất
詛	rủa
詞	từ
詟	triệp
詠	vịnh
詡	hủ
詢	tuân
詣	nghệ
試	thí
詧	sát
詨	giáo
詩	thi
詫	sá
詬	cấu
詭	quỷ
詮	thuyên
詰	cật
話	thoại
該	cai
詳	tường
詵	sân
詶	thù
詹	chiêm
詻	ách
詼	khôi
詿	quái
誂	điểu
誃	xỉ
誄	luỵ
誅	tru
誆	cuống
誇	khoa
誉	dự
誊	đằng
誋	kỵ
誌	chí
認	nhận
誑	cuống
誒	ai|hy
誓	thệ
誕	đản
誖	bội
誘	dụ
誙	khanh
誚	tiếu
語	ngữ|ngứ
誠	thành
誡	giới
誣	vu
誤	ngộ
誥	cáo
誦	tụng
誨	hối
說	thuyết|thuế
説	thuyết
誰	thuỳ
課	khoá
誶	tối
誹	phỉ
誼	nghị
誾	ngân
調	điệu|điều
諂	siểm
諄	truân
諆	khi
談	đàm
諉	uỷ
請	thỉnh
諍	tránh
諏	tưu
諐	khiên
諑	trác
諒	lượng
諕	hào
論	luận
諗	thẩm
諙	thoại
諛	du
諜	điệp
諝	tư
諞	biển
諟	thị
諠	huyên
諡	thuỵ
諢	hộn
諤	ngạc
諦	đế
諧	hài
諫	gián
諭	dụ
諮	tư
諱	huý
諳	am
諴	hàm
諵	nam
諶	kham
諷	phúng
諸	chư|gia
諺	ngạn
諼	huyên
諾	nặc
謀	mưu
謁	yết
謂	vị
謄	đằng
謅	sưu
謆	phiến
謇	kiển
謊	hoang
謋	hoạch
謌	ca
謍	doanh
謎	mê
謏	tẩu|tiểu
謐	mịch
謑	hệ
謔	hước
謖	tắc
謗	báng
謙	khiêm
謚	thuỵ|ích
講	giảng
謝	tạ
謠	dao
謡	dao
謦	khánh
謨	mô
謩	mô
謪	trích
謫	trích
謬	mậu
謭	tiễn
謳	âu
謷	ngao
謹	cẩn
謼	hô
謾	man|mạn
譁	hoa
譅	sáp
譆	hi
譈	đỗi
證	chứng
譊	nao
譌	ngoa
譎	quyệt
譏	cơ
譔	soạn
譖	trấm
識	thức|chí
譙	tiều|tiếu
譚	đàm
譜	phả|phổ
譟	táo
警	cảnh
譩	y
譫	chiêm
譬	thí
譭	huỷ
譯	dịch
議	nghị
譱	thiện
譴	khiển
譶	đạp
護	hộ
譸	trù
譹	gào|hào
譽	dự
譾	tiễn
讀	đậu|đọc|độc
讁	trích
讅	thẩm
讆	nguỵ
讇	siểm
變	biến
讋	triệp
讌	yến
讎	thù
讏	vệ
讐	thù
讒	sàm
讓	nhượng
讕	lan
讖	sấm
讘	triếp
讙	hoan
讚	tán
讜	đảng
讞	nghiệm
讟	độc
计	kế
订	đính
讣	phó
认	nhận
讥	cơ
讦	kiết
讧	hồng
讨	thảo
让	nhượng
讪	san
讫	cật
讬	thác
训	huấn
议	nghị
讯	tấn
记	ký
讱	nhẫn
讲	giảng
讳	huý
讴	âu
讵	cự
讶	ngạc
讷	nột
许	hứa
讹	ngoa
论	luận
讼	tụng
讽	phúng
设	thiết
访	phỏng|phóng
诀	quyết
证	chứng
诂	cổ
诃	ha
评	bình
诅	rủa
识	thức|chí
诇	huýnh
诈	trá
诉	tố
诊	chẩn
诋	để
诌	sưu
词	từ
诎	truất
诏	chiếu
诐	bí
译	dịch
诒	di
诓	cuống
诔	luỵ
试	thí
诖	quái
诗	thi
诘	cật
诙	khôi
诚	thành
诛	tru
诜	sân
话	thoại
诞	đản
诟	cấu
诠	thuyên
诡	quỷ
询	tuân
诣	nghệ
诤	tránh
该	cai
详	tường
诧	sá
诨	hộn
诩	hủ
诪	trù
诫	giới
诬	vu
语	ngữ|ngứ
诮	tiếu
误	ngộ
诰	cáo
诱	dụ
诲	hối
诳	cuống
说	thuyết|thuế
诵	tụng
诶	ai|hy
请	thỉnh
诸	chư|gia
诹	tưu
诺	nặc
读	đậu|đọc|độc
诼	trác
诽	phỉ
课	khoá
诿	uỷ
谀	du
谁	thuỳ
谂	thẩm
调	điệu|điều
谄	siểm
谅	lượng
谆	truân
谇	tối
谈	đàm
谉	thẩm
谊	nghị
谋	mưu
谌	kham
谍	điệp
谎	hoang
谏	gián
谐	hài
谑	hước
谒	yết
谓	vị
谔	ngạc
谕	dụ
谖	huyên
谗	sàm
谘	tư
谙	am
谚	ngạn
谛	đế
谜	mê
谝	biển
谞	tư
谟	mô
谠	đảng
谡	tắc
谢	tạ
谣	dao
谤	báng
谥	thuỵ|ích
谦	khiêm
谧	mịch
谨	cẩn
谩	man|mạn
谪	trích
谫	tiễn
谬	mậu
谭	đàm
谮	trấm
谯	tiều|tiếu
谰	lan
谱	phả|phổ
谲	quyệt
谳	nghiệm
谴	khiển
谵	chiêm
谶	sấm
谷	cốc|dục
谽	hàm
谿	khê
豁	khoát
豆	đậu
豇	giang
豈	khải|khởi
豉	thị
豊	phong|lễ
豋	đăng
豌	oản
豎	thụ
豏	hãm
豐	phong
豑	trật
豓	diễm
豔	diễm
豕	thỉ
豖	súc
豗	hôi
豚	đồn
豜	kiên
豝	ba
象	tượng
豢	hoạn
豣	kiên
豦	cứ
豨	heo
豪	hào
豫	dự
豬	trư
豭	gia
豮	phần
豱	ôn
豳	bân
豵	tông
豶	phần
豷	ế
豸	trĩ
豹	báo
豺	sài
豻	ngạn|ngan
貂	điêu
貅	hưu
貆	hoan
貉	hào|hạc|mạch
貊	mạch
貌	mạo
貍	ly
貎	nghê
貓	miêu
貔	tỳ
貘	mạc
貙	sơ
貛	hoan
貜	cước
貝	bối
貞	trinh
貟	viên
負	phụ
財	tài
貢	cống
貤	di
貧	bần
貨	hoá
販	phiến
貪	tham
貫	quán
責	trách
貯	trữ
貰	thế
貲	tư
貳	nhị
貴	quý
貶	biếm
買	mãi
貸	thải
貺	huống
費	phí
貼	thiếp
貽	di
貿	mậu
賀	hạ
賁	bôn|bí
賂	lộ
賃	lẫm|nhẫm
賄	hối
賅	cai
資	tư
賈	giả|cổ
賉	tuất
賊	tặc
賑	chẩn
賒	xa
賓	tân
賕	cầu
賙	chu
賚	lại
賛	tán
賜	tứ
賝	sâm
賞	thưởng
賠	bồi
賡	canh
賢	hiền
賣	mại
賤	tiện
賥	tuý
賦	phú
賧	đàm
賨	tung
質	chất
賫	tê
賬	trướng
賭	đổ
賮	tẫn
賴	lại
賵	phúng
賷	tê
賸	thặng
賺	trám
賻	phụ
購	cấu
賽	tái
賾	trách
贄	chí
贅	chuế
贇	uân
贈	tặng
贉	đảm
贊	tán
贋	nhạn
贍	thiệm
贏	doanh
贐	tẫn
贑	cám
贓	tang
贔	bí
贕	độc
贖	chuộc
贗	nhạn
贛	cám
贜	tang
贝	bối
贞	trinh
负	phụ
贠	viên
贡	cống
财	tài
责	trách
贤	hiền
败	bại
账	trướng
货	hoá
质	chất
贩	phiến
贪	tham
贫	bần
贬	biếm
购	cấu
贮	trữ
贯	quán
贰	nhị
贱	tiện
贲	bôn|bí
贳	thế
贴	thiếp
贵	quý
贶	huống
贷	thải
贸	mậu
费	phí
贺	hạ
贻	di
贼	tặc
贽	chí
贾	giả|cổ
贿	hối
赀	tư
赁	lẫm|nhẫm
赂	lộ
赃	tang
资	tư
赅	cai
赆	tẫn
赇	cầu
赈	chẩn
赉	lại
赊	xa
赋	phú
赌	đổ
赍	tê
赎	chuộc
赏	thưởng
赐	tứ
赑	bí
赒	chu
赓	canh
赔	bồi
赕	đàm
赖	lại
赗	phúng
赘	chuế
赙	phụ
赚	trám
赛	tái
赜	trách
赝	nhạn
赞	tán
赟	uân
赠	tặng
赡	thiệm
赢	doanh
赣	cám
赤	xích
赦	xá
赧	noản
赩	hách
赪	trinh
赫	hách
赬	trinh
赭	giả
赯	đường
走	tẩu
赱	tẩu
赳	củ
赴	phó
赵	triệu
赶	cản
起	khởi
赸	sán
趁	sấn
趂	sấn
趄	thư|thiết
超	siêu
越	việt
趋	xu
趑	tư
趒	điêu
趔	liệt
趕	cản
趙	triệu
趟	thảng
趡	thuỷ
趣	thú
趦	tư
趨	xu
趫	kiều
趮	táo
趯	địch|dược
趱	toản
趲	toản
足	tú|túc
趴	bát
趵	báo
趸	độn
趹	quyết
趺	phu
趼	kiển
趾	chỉ
趿	táp
跁	bả
跂	kịch|kỳ|khí|chi
跃	dược
跄	thương
跅	thác
跆	đài
跋	bạt
跌	trượt|điệt
跎	đà
跏	già
跐	thử
跑	bào
跕	điệt
跖	chích
跗	phu
跚	san
跛	bả
距	cự
跞	lịch
跟	cân
跡	tích
跣	tiển
跤	giao
跥	đoạ
跦	trù
跧	thuyên
跨	khoá
跪	quỵ
跫	cung
跬	khuể
跮	sí
路	lộ
跱	trĩ
跲	vấp
跳	khiêu
跴	thải
践	tiễn
跶	đáp
跷	khiêu
跸	tất
跹	tiên
跺	đoá
跻	tê
跼	cục
跽	kỵ
踁	hĩnh
踅	thệ|tuyệt
踆	thuân
踈	sơ
踉	lương|lượng
踊	dũng
踋	cước
踌	trù
踏	đạp
踐	tiễn
踔	xước
踖	tích
踘	cúc
踝	hoã|khoả
踞	cứ
踟	trì
踠	oản
踡	quyền
踢	thích
踣	bặc
踤	tột
踥	thiếp
踦	kỷ
踧	túc
踩	thải
踪	tung
踫	bính
踬	chí
踮	điểm
踯	trịch
踰	du
踱	đạc
踴	dũng
踵	chủng
踶	đệ
踹	soại
踼	thảng
踽	củ
蹀	điệp
蹁	biên
蹂	nhựu
蹄	đề
蹅	tra
蹇	kiển
蹈	đạo
蹉	tha
蹊	hề
蹋	đạp
蹌	thương
蹎	điên
蹏	đề
蹐	tích
蹑	niếp
蹒	bàn
蹓	lựu
蹔	tạm
蹕	tất
蹙	xúc
蹚	thang
蹜	súc
蹝	sỉ
蹟	tích
蹠	chích
蹡	thương
蹢	đích
蹣	bàn
蹤	tung
蹦	bính
蹧	tao
蹩	biệt
蹪	đồi
蹬	đặng
蹭	thặng
蹮	tiên
蹯	phiền
蹰	trù
蹲	tồn
蹴	xúc
蹵	xúc
蹶	quyết|quệ
蹺	khiêu
蹻	khiêu
蹼	phốc
蹽	liêu
蹾	đôn
蹿	thoan
躁	táo
躂	đáp
躃	tích
躄	tích
躅	trục
躇	trừ
躉	độn
躊	trù
躋	tê
躍	dược
躏	lận
躐	liệp
躑	trịch
躒	lịch
躓	chí
躔	triền
躕	trù
躗	vệ
躘	lung
躚	tiên
躜	toàn
躝	lạn
躞	tiệp
躠	tiết
躡	niếp
躣	cù
躥	thoan
躦	toàn
躧	sỉ
躩	khước
躪	lận
身	thân
躬	cung
躭	đam
躯	khu
躰	thể
躲	đoá
躳	cung
躶	loã|khoả
躺	thảng
軀	khu
軃	đả
軆	thể
車	xa
軋	yết|loát|ca
軌	quỹ
軍	quân
軏	ngột
軒	hiên
軔	nhận
軖	khuông
軘	đồn
軛	ách
軜	nạp
軟	nhuyễn
軡	linh
転	chuyển
軥	cù
軨	linh
軫	chẩn
軱	cô
軲	cô
軶	ách
軷	bạt
軸	trục
軹	chỉ
軺	diêu
軻	kha
軼	dật
軾	thức
軿	bình
輀	nhi
輂	cúc
較	giảo
輅	lộ
輇	thuyên
輈	chu
載	tải|tái
輊	chí
輒	triếp
輓	vãn
輔	phụ
輕	khinh
輗	nghê
輙	triếp
輛	lượng
輜	truy
輝	huy
輞	võng
輟	chuyết
輠	quả
輣	bành
輤	thiến
輥	cổn
輦	liễn
輩	bối
輪	luân
輫	bài
輬	lương
輭	nhuyễn
輮	nhụ
輯	tập
輳	thấu
輴	xuân
輵	cát
輶	du
輸	thâu|thua
輹	phúc
輻	phúc
輼	uân
輾	triển
輿	dư
轀	uân
轂	cốc
轄	hạt
轅	viên
轆	lộc
轇	giao
轉	chuyển|chuyến
轍	triệt
轎	kiệu
轏	sạn
轑	lảo
轒	phần
轔	lân
轕	cát
轖	sắc
轗	khảm
轘	hoàn
轙	nghĩ
轜	nhi
轝	dư
轞	hạm
轟	oanh
轡	bí
轢	lịch
轤	lô
车	xa
轧	yết|loát|ca
轨	quỹ
轩	hiên
轫	nhận
转	chuyển|chuyến
轭	ách
轮	luân
软	nhuyễn
轰	oanh
轱	cô
轲	kha
轳	lô
轴	trục
轵	chỉ
轶	dật
轸	chẩn
轹	lịch
轺	diêu
轻	khinh
轼	thức
载	tải|tái
轾	chí
轿	kiệu
辀	chu
辁	thuyên
辂	lộ
较	giảo
辄	triếp
辅	phụ
辆	lượng
辇	liễn
辈	bối
辉	huy
辊	cổn
辋	võng
辌	lương
辍	chuyết
辎	truy
辏	thấu
辐	phúc
辑	tập
辒	uân
输	thâu|thua
辔	bí
辕	viên
辖	hạt
辗	triển
辘	lộc
辙	triệt
辚	lân
辛	tân
辜	cô
辞	từ
辟	tích|tịch
辠	tội
辢	lạt
辣	lạt
辤	từ
辦	biện
辨	biện
辩	biện
辫	biện
辭	từ
辮	biện
辯	biện
辰	thìn|thần
辱	nhục
農	nông
辳	nông
辵	sước
辶	sước
边	biên
辺	biên
辽	liêu
达	đạt
迁	thiên
迂	vu
迄	hất
迅	tấn
迆	di|dĩ
过	quá|qua
迈	mại
迋	vượng
迍	truân
迎	nghênh
运	vận
近	cận
迓	nhạ
返	phản
迕	ngỗ
还	hoàn
这	giá
进	tiến
远	viễn
违	vi
连	liên
迟	trì
迢	điều
迣	sế
迤	di|dĩ
迥	quýnh
迦	ca|già
迨	đãi
迩	nhĩ
迪	địch
迫	bài|bách|bức
迭	điệt
迮	trách
述	thuật
迳	kính
迴	hồi
迶	hữu
迷	mê
迸	bính
迹	tích
迺	nãi
迻	di
追	đôi|truy
迿	tuân
退	thoái
送	tống
适	quát|thích
逃	đào
逄	bàng
逅	cấu
逆	nghịch
逈	quýnh
选	tuyển
逊	tốn
逋	bô
逌	du
逍	tiêu
透	thấu
逐	trục
逑	cầu
递	đệ
途	đồ
逕	kính
逖	thích
逗	đậu
這	giá
通	thông
逛	cuống
逝	thệ
逞	sính
速	tốc
造	tạo
逡	thuân
逢	phùng
連	liên
逦	lệ
逩	bôn
逭	hoán
逮	đãi
逯	lộc
週	chu
進	tiến
逴	trác
逵	quỳ
逶	uy
逸	dật
逹	đạt
逺	viễn
逻	la
逼	bức
逾	du
逿	đãng
遁	độn
遂	toại
遄	thuyên
遅	trì
遇	ngộ
遉	trinh
遊	du
運	vận
遍	biến
過	quá|qua
遏	át
遐	hà
遑	hoàng
遒	tù
道	đạo
達	đạt
違	vi
遗	di
遘	cấu
遙	dao
遛	lưu
遜	tốn
遝	đạp
遞	đệ
遠	viễn
遡	tố
遢	tháp
遣	khiển
遥	dao
遨	ngao
適	thích
遫	tốc
遭	tao
遮	già
遯	độn
遰	đệ
遲	trì
遴	lân
遵	tuân
遶	nhiễu
遷	thiên
選	tuyển
遹	duật
遺	di
遻	ngộ
遼	liêu
遽	cự
避	tị
邀	yêu
邁	mại
邂	giải
邃	thuý
還	hoàn
邅	chuyên
邇	nhĩ
邈	mạc
邉	biên
邊	biên
邋	lạp
邏	la
邐	lệ
邑	ấp
邓	đặng
邕	ung
邗	hàn
邘	vu
邙	mang
邛	cung
邝	quảng
邠	bân
邡	phương
邢	hình
那	na|nả
邦	bang
邧	nguyên
邨	thôn
邪	tà
邬	ổ
邮	bưu
邯	hàm
邰	thai
邱	khâu
邲	bật
邳	phi
邴	bỉnh
邵	thiệu
邶	bội
邷	ngoã
邸	để
邹	trâu
邺	nghiệp
邻	lân
邽	khuê
邾	chu
邿	thi
郁	úc|uất
郃	cáp
郄	khích
郅	chất
郇	tuân
郈	hậu
郊	giao
郎	lang
郏	giáp
郐	cối
郑	trịnh
郓	vận
郔	diên
郕	thành
郗	si
郙	phủ
郚	ngữ
郛	phu
郜	cáo
郝	hác
郞	lang
郟	giáp
郠	cánh
郡	quận
郢	dĩnh
郤	khích
郦	lịch
郧	vân
部	bộ
郪	thê
郫	bì
郭	quách
郯	đàm
郰	châu
郲	lai
郳	nghê
郴	sâm
郵	bưu
郸	đan
郹	kích
都	đô
郾	yển
郿	my
鄀	nhược
鄂	ngạc
鄄	quyến
鄅	vũ
鄆	vận
鄇	hậu
鄈	quỳ
鄉	hương
鄋	sưu
鄍	minh
鄎	tức
鄏	nhục
鄐	súc
鄑	tấn
鄒	trâu
鄔	ổ
鄕	hương
鄖	vân
鄗	hạo
鄘	dung
鄙	bỉ
鄚	mạc
鄜	phu
鄞	ngân
鄠	hộ
鄢	yên
鄣	chương
鄤	mạn
鄦	hứa
鄧	đặng
鄩	tầm
鄫	tằng
鄬	vy
鄭	trịnh
鄮	mậu
鄯	thiện
鄰	lân
鄱	bà
鄲	đan
鄴	nghiệp
鄵	tháo
鄶	cối
鄹	châu
鄺	quảng
鄾	ưu
酂	tán
酃	linh
酅	hy
酆	phong
酇	tán
酈	lịch
酉	dậu
酊	đinh|đính
酋	tù
酌	chước
配	phối
酎	trữu
酏	di
酐	can
酒	tửu
酔	tuý
酕	mao
酖	đam|trậm
酗	hú
酚	phân
酝	uấn
酞	thái
酡	đà
酢	thố|tạc
酣	hàm
酤	cô
酥	tô
酦	phát|bát
酧	thù
酩	mính
酪	lạc
酬	thù
酮	đồng
酯	chỉ
酱	tương
酲	trình
酴	đồ
酵	diếu
酶	môi
酷	khốc
酸	toan
酹	lỗi
酺	bô
酽	nghiệm
酾	si
酿	nhưỡng
醁	lục
醃	yêm
醄	đào
醅	phôi
醆	trản
醇	thuần
醉	tuý
醊	chuyết
醋	thố
醌	côn
醍	đề
醐	hồ
醑	tữ
醒	tỉnh
醓	thản
醕	thuần
醖	uấn
醚	mê
醛	thuyên
醜	xú
醝	ta
醞	uấn
醟	vinh
醡	trá
醢	hải
醣	đường
醨	ly
醪	lao
醫	y
醬	tương
醭	phốc
醮	tiếu
醯	ê
醰	đàm
醱	phát|bát
醲	nùng
醳	dịch
醴	lễ
醵	cự
醹	nhu
醺	huân
醻	thù
醼	yến
醽	linh
醾	my
釀	nhưỡng
釁	hấn
釂	tiếu
釃	si
釅	nghiệm
釆	biện
采	thái
釉	dứu
释	thích
釋	thích
里	lý
重	trùng|trọng
野	dã
量	lượng
釐	ly
金	kim
釒	kim
釓	ca
釔	ất
釕	liễu
釗	chiêu
釘	đinh|đính
釙	bộc
釜	phủ
針	châm
釢	nãi
釣	điếu
釤	sam
釦	khấu
釧	xuyến
釩	phàm
釬	hạn
釭	cang
釱	đệ
釵	thoa
釷	thổ
釹	nục
釺	thiên
鈀	bả|ba
鈁	phương
鈃	hình
鈄	đẩu
鈆	diên|duyên
鈇	phu
鈈	bất
鈉	nột
鈌	quyết
鈍	độn
鈎	câu
鈐	kiềm
鈑	bản
鈒	táp
鈔	sao
鈕	nữu
鈞	quân
鈣	cái
鈤	nhật
鈥	hoả
鈦	thái
鈧	kháng
鈮	ni
鈰	thị
鈴	linh
鈷	cổ
鈸	bạt
鈹	phi
鈺	ngọc
鈽	bố
鈾	do
鈿	điền
鉀	giáp
鉄	thiết
鉅	cự
鉈	tha
鉉	huyễn
鉊	chiêu
鉋	bào
鉍	bí
鉏	sừ
鉑	bạc
鉕	phả
鉗	kiềm
鉚	mão
鉛	duyên
鉞	việt
鉠	ương
鉢	bát
鉤	câu
鉥	thuật
鉦	chinh
鉧	mẫu
鉬	mục
鉭	đán
鉴	giám
鉶	hình
鉸	giảo
鉺	nhĩ
鉻	các
鉼	bính
鉿	cáp
銀	ngân
銃	súng
銅	đồng
銍	chí
銎	khung
銑	tiển
銓	thuyên
銕	thiết
銖	thù
銘	minh
銚	diêu|điệu
銛	tiêm
銜	hàm
銠	lão
銣	như
銤	mễ
銥	y
銦	nhân
銧	quang
銨	an
銩	đâu
銪	hữu
銫	sắc
銬	khảo
銮	loan
銱	điếu
銲	hàn
銳	nhuệ
銶	cầu
銷	tiêu
銹	tú
銻	đễ
銼	toả
銾	cống|hống
鋁	lữ
鋂	môi
鋃	lang
鋅	tân
鋆	quân
鋇	bối
鋈	ốc
鋊	dụ
鋌	đĩnh|thính
鋏	kìm
鋐	hoành
鋒	phong
鋕	chí
鋙	ngô
鋝	luyệt
鋟	tẩm
鋡	hàm
鋣	da
鋤	sừ
鋦	cư|cục
鋨	nga
鋩	mang
鋪	phô|phố
鋭	nhuệ
鋯	cáo
鋰	lý
鋱	thắc
鋸	cư|cưa
鋼	cương
錁	quả
錄	lục
錆	thương
錇	bồi
錈	quyển
錍	phê
錏	á
錐	truy
錒	a
錔	thạp
錕	côn
錘	chuỳ
錙	tri
錚	tranh
錛	bôn
錞	thuần
錟	đàm
錠	đĩnh
錡	kỹ
錢	tiền
錤	cơ
錦	cẩm
錨	miêu
錩	xương
錫	tích
錬	luyện
錮	cố
錯	thác
録	lục
錳	mãnh
錴	lục
錵	hoa
錶	biểu
錸	lai
錾	chạm
鍀	đắc
鍁	hân
鍆	môn
鍇	khải
鍉	đề
鍊	luyện
鍋	oa
鍍	độ
鍐	tông
鍔	ngạc
鍘	trát
鍚	dương
鍛	đoán
鍠	hoàng
鍤	tráp
鍥	khiết
鍩	nặc
鍪	mâu
鍫	thiêu
鍬	thiêu
鍭	hầu
鍰	hoàn
鍱	diệp
鍳	giám
鍴	đoan
鍵	kiện
鍶	tư
鍺	giả
鍼	châm
鍾	chung
鎂	mỹ
鎄	ai
鎇	my
鎊	bảng
鎋	hạt
鎌	liêm
鎍	tác
鎏	lưu
鎒	nậu
鎔	dung
鎖	toả
鎗	thương
鎘	cách
鎚	chuỳ
鎛	bác
鎝	táp
鎞	bề
鎡	tư
鎢	ô
鎣	oánh
鎤	hoảng
鎦	lưu
鎧	khải
鎩	sát
鎪	sưu
鎬	cảo|hạo
鎭	trấn
鎮	trấn
鎯	lang
鎰	dật
鎲	đảng
鎳	niết
鎵	gia
鎸	tuyên
鎿	nã
鏁	toả
鏃	thốc
鏇	tuyền
鏈	liên
鏊	ngao
鏌	mạc
鏐	lưu
鏑	đích
鏖	ao
鏗	khanh
鏘	thương
鏜	thang
鏝	man
鏞	dung
鏟	sạn
鏡	kính
鏢	tiêu
鏤	lũ
鏦	thung
鏨	chạm
鏰	băng
鏵	hoa
鏷	bộc
鏸	huệ
鏹	cường|cưỡng
鏻	lân
鏽	tú
鏾	tản
鐃	nao
鐄	hoành
鐇	phiên
鐏	tỗn
鐐	liêu
鐒	lao
鐓	đôn
鐔	đàm|tầm
鐗	giản
鐘	chung
鐙	đặng
鐝	quyết
鐠	phổ
鐦	khai
鐧	giản
鐨	phí
鐫	tuyên
鐮	liêm
鐲	trạc
鐳	lôi
鐵	thiết
鐶	hoàn
鐸	đạc
鐺	sanh|đang
鐻	cự
鐾	tý
鐿	ý
鑄	chú
鑊	hoạch
鑌	tân
鑐	tu
鑑	giám
鑒	giám
鑔	sát
鑕	chất
鑛	khoáng|quặng
鑞	lạp
鑠	thước
鑢	lự
鑣	tiêu
鑤	bào
鑥	lỗ
鑪	lò
鑫	hâm
鑭	lan
鑰	thược
鑱	sàm
鑲	tương
鑴	huề
鑵	quán
鑷	nhiếp
鑹	thoản
鑼	la
鑽	khoan|toàn|toản
鑾	loan
鑿	tạc
钁	cuốc
钂	đảng
钃	chúc
钅	kim
钆	ca
钇	ất
针	châm
钉	đinh|đính
钊	chiêu
钋	bộc
钌	liễu
钍	thổ
钎	thiên
钏	xuyến
钐	sam
钑	táp
钒	phàm
钓	điếu
钔	môn
钕	nục
钖	dương
钗	thoa
钘	hình
钙	cái
钚	bất
钛	thái
钜	cự
钝	độn
钞	sao
钟	chung
钠	nột
钡	bối
钢	cương
钣	bản
钤	kiềm
钥	thược
钦	khâm
钧	quân
钨	ô
钩	câu
钪	kháng
钫	phương
钬	hoả
钭	đẩu
钮	nữu
钯	bả|ba
钰	ngọc
钱	tiền
钲	chinh
钳	kiềm
钴	cổ
钵	bát
钷	phả
钸	bố
钹	bạt
钺	việt
钻	khoan|toàn|toản
钼	mục
钽	đán
钾	giáp
钿	điền
铀	do
铁	thiết
铂	bạc
铃	linh
铄	thước
铅	duyên
铆	mão
铇	bào
铈	thị
铉	huyễn
铊	tha
铋	bí
铌	ni
铍	phi
铎	đạc
铏	hình
铐	khảo
铑	lão
铒	nhĩ
铓	mang
铔	á
铕	hữu
铗	kìm
铘	da
铙	nao
铚	chí
铛	sanh|đang
铜	đồng
铝	lữ
铞	điếu
铟	nhân
铠	khải
铡	trát
铢	thù
铣	tiển
铤	đĩnh|thính
铥	đâu
铦	tiêm
铧	hoa
铨	thuyên
铩	sát
铪	cáp
铫	diêu|điệu
铬	các
铭	minh
铮	tranh
铯	sắc
铰	giảo
铱	y
铲	sạn
铳	súng
铵	an
银	ngân
铷	như
铸	chú
铹	lao
铺	phô|phố
铻	ngô
铼	lai
铽	thắc
链	liên
铿	khanh
销	tiêu
锁	toả
锂	lý
锄	sừ
锅	oa
锆	cáo
锇	nga
锈	tú
锉	toả
锊	luyệt
锋	phong
锌	tân
锎	khai
锏	giản
锐	nhuệ
锑	đễ
锒	lang
锓	tẩm
锔	cư|cục
锕	a
锖	thương
锗	giả
锘	nặc
错	thác
锚	miêu
锛	bôn
锜	kỹ
锝	đắc
锞	quả
锟	côn
锠	xương
锡	tích
锢	cố
锣	la
锤	chuỳ
锥	truy
锦	cẩm
锧	chất
锨	hân
锩	quyển
锫	bồi
锬	đàm
锭	đĩnh
键	kiện
锯	cư|cưa
锰	mãnh
锱	tri
锲	khiết
锴	khải
锵	thương
锶	tư
锷	ngạc
锸	tráp
锹	thiêu
锺	chung
锻	đoán
锼	sưu
锽	hoàng
锾	hoàn
锿	ai
镀	độ
镁	mỹ
镂	lũ
镃	tư
镄	phí
镅	my
镆	mạc
镇	trấn
镈	bác
镉	cách
镊	nhiếp
镋	đảng
镌	tuyên
镍	niết
镎	nã
镏	lưu
镐	cảo|hạo
镑	bảng
镒	dật
镓	gia
镔	tân
镕	dung
镖	tiêu
镗	thang
镘	man
镚	băng
镛	dung
镜	kính
镝	đích
镞	thốc
镟	tuyền
镠	lưu
镡	đàm|tầm
镢	quyết
镣	liêu
镤	bộc
镥	lỗ
镦	đôn
镧	lan
镨	phổ
镩	thoản
镪	cường|cưỡng
镫	đặng
镬	hoạch
镭	lôi
镮	hoàn
镯	trạc
镰	liêm
镱	ý
镲	sát
镳	tiêu
镴	lạp
镵	sàm
镶	tương
長	trường|trưởng
镸	trường
镻	điệt
长	trường|trưởng
門	môn
閂	soan
閃	thiểm
閆	diêm
閈	hãn
閉	bế
開	khai
閌	khang
閎	hoành
閏	nhuận
閑	nhàn
閒	gian|gián|nhàn
間	gian|gián
閔	mẫn
閗	đấu
閘	trập
閙	náo
閛	phanh
閟	bí
閡	ngại
関	quan
閣	các
閤	hợp|hạp|cáp
閥	phiệt
閦	súc
閧	hống
閨	khuê
閩	mân
閫	khổn
閬	lãng
閭	lư
閱	duyệt
閲	duyệt
閶	xương
閹	yêm
閺	văn
閻	diêm
閼	át|yên
閽	hôn
閾	vực
閿	văn
闃	khuých
闆	bản
闇	ám
闈	vi
闉	nhân
闊	khoát
闋	khuyết
闌	lan
闍	đồ|xà
闐	điền
闑	niết
闒	tháp
闓	khải
闔	hạp
闕	khuyết
闖	sấm
闘	đấu
闚	khuy
關	quan
闞	khám
闟	hấp
闠	hội
闡	xiển
闢	tịch
闤	hoàn
闥	thát
门	môn
闩	soan
闪	thiểm
闫	diêm
闬	hãn
闭	bế
问	vấn
闯	sấm
闰	nhuận
闱	vi
闲	nhàn|gian|gián
闳	hoành
间	gian|gián
闵	mẫn
闶	khang
闷	muộn
闸	trập
闹	náo
闺	khuê
闻	văn
闼	thát
闽	mân
闾	lư
闿	khải
阀	phiệt
阁	các
阂	ngại
阃	khổn
阄	cưu
阅	duyệt
阆	lãng
阇	đồ|xà
阈	vực
阉	yêm
阊	xương
阋	huých
阌	văn
阍	hôn
阎	diêm
阏	át|yên
阐	xiển
阑	lan
阒	khuých
阓	hội
阔	khoát
阕	khuyết
阖	hạp
阗	điền
阘	tháp
阙	khuyết
阚	khám
阛	hoàn
阜	phụ
阝	phụ
阞	lặc
队	đội
阡	thiên
阤	đà
阨	ách
阪	phản
阬	khanh
阮	nguyễn
阯	chỉ
阰	tỳ
阱	tỉnh
防	phòng
阳	dương
阴	âm
阵	trận
阶	giai
阹	khư
阻	trở
阼	tộ
阽	điếm
阿	a
陀	đà
陂	bi|pha
附	phụ
际	tế
陆	lục
陇	lũng
陈	trần
陉	hình
陋	lậu
陌	mạch
降	giáng|hàng
陏	tuỳ
限	hạn
陑	nhi
陔	cai
陕	thiểm
陘	hình
陛	bệ
陜	hẹp
陝	thiểm
陞	thăng
陟	trắc
陡	đẩu
院	viện
陣	trận
除	trừ
陧	niết
陨	vẫn
险	hiểm
陪	bồi
陬	tưu
陰	âm
陲	thuỳ
陳	trần
陴	bì
陵	lăng
陶	đào
陷	hãm
陸	lục
陻	nhân
陼	chử
陽	dương
陾	nhưng
陿	hiệp
隂	âm
隃	du
隄	đê
隅	ngung
隆	long
隈	ôi
隉	niết
隊	đội
隋	tuỳ
隍	hoàng
階	giai
随	tuỳ
隐	ẩn|ấn
隒	nghiệm
隔	cách
隕	vẫn
隖	ổ
隗	cao|ngỗi
隘	ải
隙	khích
際	tế
障	chướng
隞	ngao
隟	khích
隠	ẩn
隣	lân
隤	đồi
隧	toại
隨	tuỳ
隩	úc
險	hiểm
隮	tê
隰	thấp
隱	ẩn|ấn
隳	huy
隴	lũng
隶	lệ
隷	lệ
隸	lệ
隹	chuy
隻	chích
隼	chuẩn
隽	tuyến|tuấn
难	nan|nạn
雀	tước
雁	nhạn
雄	hùng
雅	nhã
集	tập
雇	cố
雉	trĩ
雊	cấu
雋	tuyến|tuấn
雌	thư
雍	ung
雎	sư
雏	sồ
雒	lạc
雕	điêu
雖	tuy
雗	hàn
雘	hoạch
雙	song
雛	sồ
雜	tạp
雝	ung
雞	kê
雟	tuỷ
雠	thù
離	ly
難	nan|nạn
雨	vũ
雩	vu
雪	tuyết
雯	văn
雰	phân
雱	bàng
雲	vân
雳	lịch
零	linh
雷	lôi
雹	bạc
電	điện
雾	vụ
需	nhu
霁	tạnh
霂	mộc
霄	tiêu
霅	tráp
霆	đình
震	chấn
霈	bái
霉	mốc
霍	hoắc
霎	siếp
霏	phi
霑	triêm
霒	âm
霓	nghê
霖	lâm
霙	anh
霛	linh
霜	sương
霝	linh
霞	hà
霡	mạch
霢	mạch
霣	vẫn
霤	lựu
霧	vụ
霨	uý
霩	khuếch
霪	dâm
霫	tập
霭	ải
霮	đạm
霰	tản
露	lộ
霸	bá
霹	phích
霽	tạnh
霾	mai
靁	lôi
靂	lịch
靄	ải
靆	đãi
靈	linh
靉	ái
靑	thanh
青	thanh
靓	tịnh|tĩnh
靖	tĩnh
静	tĩnh
靚	tịnh|tĩnh
靛	điện
靜	tĩnh
靝	thiên
非	phi
靠	kháo
靡	my|mỹ
面	diện|miến
靣	diện
靥	yếp
靦	điển
靨	yếp
革	cách
靪	đinh
靭	nhận
靮	đích
靰	ngột
靲	cầm
靳	cận
靴	ngoa
靶	bả
靷	dẫn
靸	táp
靺	mạt
靼	đát
靿	áo
鞀	đào
鞁	bị
鞃	hoành
鞄	bào
鞅	ương|ưởng
鞇	nhân
鞉	đào
鞋	hài
鞌	yên
鞍	yên
鞏	củng
鞑	thát
鞗	điều
鞘	tiếu
鞚	khống
鞝	thượng|chưởng
鞞	bỉnh
鞠	cúc
鞡	lạp
鞣	nhu
鞥	nhăng
鞦	thu
鞧	thu
鞨	hạt
鞫	cúc
鞬	kiện
鞭	tiên
鞮	đê
鞯	tiên
鞲	câu
鞴	bị
鞵	hài
鞶	bàn
鞹	khuếch
鞾	ngoa
韁	cương
韃	thát
韅	hiển
韆	thiên
韈	vạt
韉	tiên
韋	vi
韌	nhận
韍	phất
韎	muội
韓	hàn
韔	sướng
韘	nhiếp
韙	vĩ
韛	bại
韜	thao
韝	câu
韞	uẩn
韡	vĩ
韣	độc
韤	vạt
韦	vi
韧	nhận
韨	phất
韩	hàn
韪	vĩ
韫	uẩn
韬	thao
韭	cửu
韮	cửu
韱	tiêm
音	âm
韵	vận
韶	thiều
韺	anh
韻	vận
響	hưởng
頀	hộ
頁	hiệt
頂	đỉnh
頃	khuynh|khoảnh
頄	cừu
項	hạng
順	thuận
頇	han
須	tu
頊	húc
頌	tụng
頍	khuể
頎	kỳ
頏	hàng
預	dự
頑	ngoan
頒	ban
頓	đốn
頖	phán
頗	pha
領	lãnh
頜	hàm
頞	át
頟	ngạch
頠	ngỗi
頡	hiệt|kiết
頤	di
頦	cai
頫	phủ
頭	đầu
頯	quỳ
頰	giáp
頲	thỉnh
頳	trinh
頴	dĩnh
頷	hàm
頸	cảnh
頹	đồi
頻	tần
頽	đồi
顆	khoa
顇	tuỵ
顋	tai
題	đề
額	ngạch
顎	ngạc
顏	nhan
顑	kham
顒	ngung
顓	chuyên
顔	nhan
顗	ỷ
願	nguyện
顙	tảng
顚	điên
顛	điên
顜	giảng
類	loại
顢	man
顥	hạo
顦	tiều
顧	cố
顫	chiến
顬	nhu
顯	hiển
顰	tần
顱	lâu
顳	nhiếp
顴	quyền
页	hiệt
顶	đỉnh
顷	khuynh|khoảnh
顸	han
项	hạng
顺	thuận
须	tu
顼	húc
顽	ngoan
顾	cố
顿	đốn
颀	kỳ
颁	ban
颂	tụng
颃	hàng
预	dự
颅	lâu
领	lãnh
颇	pha
颈	cảnh
颉	hiệt|kiết
颊	giáp
颋	thỉnh
颌	hàm
颍	dĩnh
颎	quýnh
颏	cai
颐	di
频	tần
颓	đồi
颔	hàm
颕	dĩnh
颖	dĩnh
颗	khoa
题	đề
颙	ngung
颚	ngạc
颛	chuyên
颜	nhan
额	ngạch
颞	nhiếp
颟	man
颠	điên
颡	tảng
颢	hạo
颣	lỗi
颤	chiến
颥	nhu
颦	tần
颧	quyền
風	phong
颭	triển
颮	tiêu
颯	táp
颱	đài
颳	quát
颶	cụ
颸	ty
颺	dương
颻	diêu
颼	sưu
颽	khải
颿	phàm
飀	lưu
飂	liêu
飃	phiêu
飄	phiêu
飆	tiêu
飈	biểu
飌	phong
风	phong
飏	dương
飐	triển
飑	tiêu
飒	táp
飓	cụ
飔	ty
飕	sưu
飖	diêu
飗	lưu
飘	phiêu
飙	tiêu
飚	biểu
飛	phi
飜	phiên
飞	phi
食	thực|tự
飠	thực
飡	xan
飢	cơ
飣	đính
飤	tự
飥	thác
飧	tôn
飨	hưởng
飩	đồn
飪	nhẫm
飫	ứ
飭	sức
飮	ẩm
飯	phạn
飰	phạn
飱	tôn
飲	ẩm|ấm
飴	di
飶	tất
飼	tự
飽	bão
飾	sức
飿	đốt
餀	hải
餁	nhẫm
餂	thiểm
餃	cảo
餄	hợp
餅	bánh
餈	tư
餉	hướng
養	dưỡng
餌	nhử
餍	yếm
餎	lạc
餐	xan
餑	bột
餒	nỗi
餓	ngạ
餔	bô|bộ
餕	tuấn
餖	đậu
餗	tốc
餘	dư
餚	hào
餛	hồn
餜	quả
餞	tiễn
餟	chuyết
餠	bính
餡	hãm
餤	đàm
餧	uỷ
館	quán
餩	ách
餪	noãn
餫	hồn
餬	hồ
餮	thiết
餯	hối
餱	hầu
餲	ế
餳	hình|đường
餵	uỷ
餶	cốt
餸	tống
餹	đường
餺	bác
餻	cao
餼	hý
餽	quỹ
餾	lưu|lựu
餿	sưu
饁	diệp
饃	mô
饅	man
饇	ứ
饈	tu
饉	cận
饊	tản
饋	quỹ
饌	soạn
饍	thiện
饎	xí
饐	ý
饑	cơ
饒	nhiêu
饔	ung
饕	thao
饗	hưởng
饘	chiên
饙	phân
饜	yếm
饝	ma
饞	sàm
饟	hướng
饢	nang|nãng
饣	thực
饤	đính
饥	cơ
饦	thác
饧	hình|đường
饨	đồn
饩	hý
饪	nhẫm
饫	ứ
饬	sức
饭	phạn
饮	ẩm|ấm
饯	tiễn
饰	sức
饱	bão
饲	tự
饳	đốt
饴	di
饵	nhử
饶	nhiêu
饷	hướng
饸	hợp
饹	lạc
饺	cảo
饼	bánh
饽	bột
饾	đậu
饿	ngạ
馀	dư
馁	nỗi
馂	tuấn
馃	quả
馄	hồn
馅	hãm
馆	quán
馈	quỹ
馉	cốt
馊	sưu
馋	sàm
馌	diệp
馍	mô
馎	bác
馏	lưu|lựu
馐	tu
馑	cận
馒	man
馓	tản
馔	soạn
馕	nang|nãng
首	thủ|thú
馗	quỳ
馘	quắc
香	hương
馝	tất
馡	phi
馣	am
馥	phức
馨	hinh
馬	mã
馭	ngự
馮	phùng|bằng
馯	hãn
馱	đạ|thồ|đà
馲	trách
馳	trì
馴	tuần
馵	chú
馹	nhật
駁	bác
駃	khoái
駈	khu
駉	quynh
駐	trú
駑	nô
駒	câu
駓	phi
駔	tảng
駕	giá
駗	trân
駘	đài
駙	phò
駛	sử
駜	bật
駝	đà
駞	đà
駟	tứ
駡	mạ
駢	biền
駪	sân
駬	nhĩ
駭	hãi
駮	bác
駰	nhân
駱	lạc
駴	hãi
駵	lưu
駸	xâm
駹	mang
駻	hãn
駾	thoái
駿	tuấn
騁	sính
騂	tuynh
騃	ngai
騄	lục
騅	chuy
騇	xá
騉	côn
騋	lai
騌	tông
騍	khoá
騎	kỵ
騏	kỳ
騐	nghiệm
騑	phi
験	nghiệm
騕	yểu
騖	vụ
騙	phiến
騠	đề
騢	hà
騣	tông
騤	quỳ
騧	qua
騫	khiên
騭	chất
騮	lưu
騰	đằng
騵	nguyên
騶	sô
騷	tao
騸	thiến
騺	chí
騾	la
驀	mạch
驁	ngạo
驂	tham
驃	phiếu|phiêu
驄	thông
驅	khu
驆	tất
驈	duật
驊	hoa
驌	túc
驍	kiêu
驎	lân
驏	sạn
驒	đàn
驔	đàm
驕	kiêu
驖	thiết
驗	nghiệm
驘	la
驚	kinh
驛	dịch
驟	sậu
驢	lư
驤	tương
驥	ký
驦	sương
驩	hoan
驪	ly
驫	bưu
马	mã
驭	ngự
驮	đạ|thồ|đà
驯	tuần
驰	trì
驱	khu
驲	nhật
驳	bác
驴	lư
驵	tảng
驶	sử
驷	tứ
驸	phò
驹	câu
驺	sô
驻	trú
驼	đà
驽	nô
驾	giá
驿	dịch
骀	đài
骁	kiêu
骂	mạ
骃	nhân
骄	kiêu
骅	hoa
骆	lạc
骇	hãi
骈	biền
骉	bưu
骊	ly
骋	sính
验	nghiệm
骍	tuynh
骎	xâm
骏	tuấn
骐	kỳ
骑	kỵ
骒	khoá
骓	chuy
骔	tông
骕	túc
骖	tham
骗	phiến
骘	chất
骙	quỳ
骚	tao
骛	vụ
骜	ngạo
骝	lưu
骞	khiên
骟	thiến
骠	phiếu|phiêu
骡	la
骢	thông
骣	sạn
骤	sậu
骥	ký
骦	sương
骧	tương
骨	cốt
骫	uỷ
骭	cán
骯	khảng
骰	đầu
骱	giới
骴	tỳ
骶	để
骷	khô
骸	hài
骹	khao
骺	hầu
骼	cách
骽	thối
骾	ngạnh
髀	bễ
髁	khoa
髂	khách
髅	lâu
髆	bác
髈	bảng
髋	khoan
髌	tẫn
髍	ma
髏	lâu
髐	hiêu
髑	độc
髒	tang
髓	tuỷ
體	thể
髕	tẫn
髖	khoan
高	cao
髙	cao
髟	tiêu
髠	khôn
髡	khôn
髢	thế
髣	phảng
髥	nhiêm
髦	mao
髧	đạm
髨	khôn
髩	tấn
髪	phát
髫	thiều
髭	tỳ
髮	phát
髯	nhiêm
髲	bị
髳	mâu
髴	phất
髹	hưu
髺	quát
髻	kết
髽	qua
髾	sao
鬁	lị
鬃	tông
鬄	thế
鬅	bằng
鬆	tông
鬈	quyền
鬉	tông
鬋	tiên
鬍	hồ
鬎	lạt
鬏	thu
鬐	kỳ
鬑	liêm
鬒	chẩn
鬓	tấn
鬖	tam
鬗	man
鬘	man
鬙	tăng
鬚	tu
鬟	hoàn
鬠	quái
鬢	tấn
鬣	liệp
鬥	đấu
鬦	đấu
鬧	náo
鬨	hống
鬩	huých
鬪	đấu
鬫	khám
鬬	đấu
鬭	đấu
鬮	cưu
鬯	sưởng
鬰	uất
鬱	uất
鬲	cách|lịch
鬴	phủ
鬵	tiềm
鬷	tông
鬻	dục
鬼	quỷ
魁	khôi
魂	hồn
魃	bạt
魄	phách
魅	mị
魆	huất
魇	yểm
魈	tiêu
魉	lượng
魊	vực
魋	đồi
魌	khi
魍	võng
魎	lượng
魏	nguỵ
魑	si
魔	ma
魘	yểm
魚	ngư
魛	đao
魟	hồng
魨	đồn
魭	nguyên
魯	lỗ
魴	phường
魷	vưu
魾	phi
鮀	đà
鮁	bát
鮃	bình
鮆	tễ
鮌	cổn
鮍	bì
鮎	niêm
鮐	thai
鮑	bào
鮒	phụ
鮓	trả
鮚	cát
鮞	nhi
鮟	án
鮠	nguy
鮣	ấn
鮦	đồng
鮨	quỳ
鮪	vị
鮫	giao
鮭	khuê
鮮	tiên
鮶	quân
鮸	miễn
鮿	triếp
鯀	cổn
鯁	ngạnh
鯆	phô
鯇	cán
鯈	du
鯉	lý
鯊	sa
鯖	thinh|chinh
鯗	tưởng
鯛	điêu
鯠	lai
鯡	phi
鯢	nghê
鯤	côn
鯧	xương
鯨	kình
鯪	lăng
鯫	tưu
鯰	niêm
鯸	hầu
鯽	tức
鯿	biên
鰂	tặc
鰆	xuân
鰈	điệp
鰉	hoàng
鰋	yển
鰍	thu
鰐	ngạc
鰒	phục
鰓	tai
鰕	hà
鰜	kiêm
鰟	bàng
鰣	thì
鰤	sư
鰥	quan
鰦	tư
鰨	tháp
鰩	diêu
鰭	kỳ
鰱	liên
鰲	ngao
鰳	lặc
鰷	điều
鰹	kiên
鰻	man
鰼	tập
鰾	phiêu
鱀	ký
鱄	chuyên
鱅	dung
鱈	tuyết
鱉	ba
鱎	kiểu
鱒	tôn
鱓	thiện
鱔	thiện
鱖	quyết
鱗	lân
鱘	tầm
鱝	phẫn
鱟	hấu
鱠	khoái
鱣	thiện|chiên
鱤	cảm
鱧	lễ
鱨	thường
鱭	tễ
鱮	tự
鱵	châm
鱷	ngạc
鱸	lư
鱺	ly
鱻	tiên
鱼	ngư
鱽	đao
鱿	vưu
鲀	đồn
鲁	lỗ
鲂	phường
鲅	bát
鲆	bình
鲇	niêm
鲈	lư
鲊	trả
鲋	phụ
鲍	bào
鲎	hấu
鲏	bì
鲐	thai
鲑	khuê
鲒	cát
鲔	vị
鲕	nhi
鲖	đồng
鲗	tặc
鲙	khoái
鲚	tễ
鲛	giao
鲜	tiên
鲞	tưởng
鲟	tầm
鲠	ngạnh
鲡	ly
鲢	liên
鲣	kiên
鲤	lý
鲥	thì
鲦	điều
鲧	cổn
鲨	sa
鲩	cán
鲪	quân
鲫	tức
鲭	thinh|chinh
鲮	lăng
鲰	tưu
鲱	phi
鲲	côn
鲳	xương
鲵	nghê
鲶	niêm
鲷	điêu
鲸	kình
鲼	phẫn
鲽	điệp
鲿	thường
鳃	tai
鳄	ngạc
鳅	thu
鳆	phục
鳇	hoàng
鳊	biên
鳌	ngao
鳍	kỳ
鳎	tháp
鳏	quan
鳐	diêu
鳑	bàng
鳒	kiêm
鳓	lặc
鳔	phiêu
鳕	tuyết
鳖	ba
鳗	man
鳙	dung
鳛	tập
鳜	quyết
鳝	thiện
鳞	lân
鳟	tôn
鳡	cảm
鳢	lễ
鳣	thiện|chiên
鳥	điểu
鳦	ất
鳧	phù
鳩	cưu
鳬	phù
鳲	thi
鳳	phượng
鳴	minh
鳶	diên
鳷	chi
鳽	khiên
鴂	quyết
鴃	quyết
鴄	thất
鴆	trậm
鴇	bảo
鴈	nhạn
鴉	nha
鴒	linh
鴕	đà
鴗	lập
鴛	uyên
鴝	cù
鴞	hiêu
鴟	si
鴢	ấu
鴣	cô
鴥	duật
鴦	ương
鴨	áp
鴯	nhi
鴰	quạ
鴳	yến
鴴	hằng
鴷	liệt
鴻	hồng
鴽	như
鴿	cáp
鵂	hưu
鵑	quyên
鵒	dục
鵓	bột
鵗	hy
鵙	quyết
鵜	đề
鵝	nga
鵞	nga
鵟	cuồng
鵠	cốc|hộc
鵡	vũ
鵩	phục
鵪	am
鵫	trạo
鵬	bằng
鵰	điêu
鵲	thước
鵶	nha
鵷	uyên
鵻	chuy
鵾	côn
鶂	nghịch
鶇	đông
鶉	thuần
鶊	canh
鶒	xích
鶓	miêu
鶖	thu
鶗	đề
鶘	hồ
鶚	ngạc
鶡	hạt
鶤	côn
鶩	vụ
鶬	thương
鶯	oanh
鶱	hiên
鶴	hạc
鶵	sồ
鶹	lưu
鶺	tích
鶻	hoạt
鶼	kiêm
鶿	tư
鷀	tư
鷁	nghịch
鷂	diêu
鷃	yến
鷄	kê
鷇	cấu
鷈	đề
鷉	đề
鷊	nghịch
鷓	giá
鷕	diểu
鷖	ê
鷗	âu
鷙	chí
鷞	sương
鷟	trạc
鷥	tư
鷦	tiêu
鷩	tế
鷫	túc
鷯	liêu
鷰	yến
鷲	thứu
鷳	nhàn
鷴	nhàn
鷸	duật
鷹	ưng
鷺	lộ
鷽	hạc
鷾	ý
鷿	tịch
鸂	khê
鸇	chiên
鸊	tịch
鸌	oách
鸎	oanh
鸐	địch
鸑	nhạc
鸒	dư
鸕	lô
鸘	sương
鸚	anh
鸛	quán
鸜	cù
鸝	ly
鸞	loan
鸟	điểu
鸠	cưu
鸡	kê
鸢	diên
鸣	minh
鸤	thi
鸥	âu
鸦	nha
鸧	thương
鸨	bảo
鸩	trậm
鸪	cô
鸫	đông
鸬	lô
鸭	áp
鸮	hiêu
鸯	ương
鸰	linh
鸱	si
鸲	cù
鸳	uyên
鸴	hạc
鸵	đà
鸶	tư
鸷	chí
鸸	nhi
鸹	quạ
鸺	hưu
鸻	hằng
鸽	cáp
鸾	loan
鸿	hồng
鹁	bột
鹂	ly
鹃	quyên
鹄	cốc|hộc
鹅	nga
鹆	dục
鹇	nhàn
鹈	đề
鹉	vũ
鹊	thước
鹋	miêu
鹌	am
鹍	côn
鹏	bằng
鹑	thuần
鹒	canh
鹓	uyên
鹔	túc
鹕	hồ
鹖	hạt
鹗	ngạc
鹘	hoạt
鹙	thu
鹚	tư
鹜	vụ
鹝	nghịch
鹞	diêu
鹠	lưu
鹡	tích
鹢	nghịch
鹣	kiêm
鹤	hạc
鹥	ê
鹦	anh
鹧	giá
鹩	liêu
鹪	tiêu
鹫	thứu
鹬	duật
鹭	lộ
鹯	chiên
鹰	ưng
鹱	oách
鹳	quán
鹴	sương
鹵	lỗ
鹸	kiềm
鹹	hàm
鹺	ta
鹻	kiềm
鹼	kiềm
鹽	diêm
鹾	ta
鹿	lộc
麀	ưu
麁	thô
麂	kỷ
麃	tiêu|bào
麄	thô
麅	bào
麇	quân|quần
麈	chủ
麋	my
麌	ngu
麐	lân
麑	nghê
麒	kỳ
麓	lộc
麕	quân
麗	ly|lệ
麚	gia
麛	mê
麝	xạ
麞	chương
麟	lân
麠	canh
麤	thô
麥	mạch
麦	mạch
麩	phu
麪	miến
麫	miến
麮	khứ
麯	khúc
麰	mâu
麴	khúc
麵	miến
麸	phu
麹	khúc
麺	miến
麻	ma
麼	ma
麽	ma
麾	huy
黀	tưu
黁	nuyên
黃	hoàng
黄	hoàng
黇	chiêm
黈	thẩu
黉	huỳnh
黌	huỳnh
黍	thử
黎	lê
黏	niêm
黑	hắc
黒	hắc
黓	dặc
黔	kiềm
黕	đảm
默	mặc
黛	đại
黜	truất
黝	ửu
點	điểm
黟	y
黠	hiệt
黡	yểm
黥	kình
黦	uất
黧	lê
黨	đảng
黩	độc
黪	thảm
黮	đạm
黯	ảm
黰	chẩn
黱	đại
黲	thảm
黴	mốc
黶	yểm
黷	độc
黹	chỉ
黻	phất
黼	phủ
黽	mãnh|mẫn
黾	mãnh|mẫn
黿	ngoan
鼂	trào
鼃	oa
鼄	chu
鼅	tri
鼇	ngao
鼈	ba
鼉	đà
鼋	ngoan
鼌	trào
鼍	đà
鼎	đỉnh
鼏	mịch
鼐	nãi
鼒	tư
鼓	cổ
鼕	đông
鼖	phần
鼗	đào
鼙	bề
鼚	xương
鼛	cao
鼟	thăng
鼠	thử
鼢	phẫn
鼩	cù
鼪	sinh
鼫	thạch
鼬	dứu
鼯	ngô
鼱	tinh
鼴	yển
鼷	hề
鼹	yển
鼻	tỵ
鼽	cừu
鼾	han
齁	hâu
齆	úng
齇	tra
齈	nông
齉	nang
齊	tề
齋	trai
齌	tễ
齎	tê
齏	tê
齐	tề
齑	tê
齒	xỉ
齔	sấn
齕	hột
齗	ngân
齙	bao
齚	trách
齜	thử
齞	nghiễn
齟	trở
齠	điều
齡	linh
齣	xuất
齦	khẩn|ngân
齧	nhai
齩	giảo
齪	xúc
齬	ngữ
齮	nghĩ
齯	nghê
齰	trách
齱	châu
齲	sâu
齵	ngu
齶	ngạc
齷	ác
齿	xỉ
龀	sấn
龁	hột
龂	ngân
龃	trở
龄	linh
龅	bao
龆	điều
龇	thử
龈	khẩn|ngân
龉	ngữ
龊	xúc
龋	sâu
龌	ác
龍	long
龎	bàng
龐	bàng
龑	yểm
龒	long
龔	cung
龕	kham
龘	đạp
龙	long
龚	cung
龛	kham
龜	quy|quân|khưu
龝	thu
龟	quy|quân|khưu
龠	dược
龡	xuý
龢	hoà
龤	hài
龥	dụ
𠃓	dương
𠇹	kính
𠡠	sắc
𠬤	dịch
𠯠	huy
𡒄	lẫm
𡥧	nai
𢀖	kinh
𢙐	não
𢧐	chiến
𢪓	cử
𢬍	áp
𢭏	đảo
𣃁	trọc
𣗊	man
𣨼	thế
𣲗	vy
𣲘	vũ
𣸣	phần
𤞤	hiểm
𤩽	hoàn
𤶊	uy
𥆧	nhuần|thuần
𥕤	khái
𥬠	trừu
𦈌	sơ
𦈏	mân
𦈕	đầu
𦈡	nhu
𧏖	tân
𧥅	huề
𧮪	chiêm
𧹒	mãi
𧹔	trướng
𧿛	tung
𨀁	lung
𨅬	lạn
𨱇	cầu
𨱍	lang
𨱏	táp
𨱑	hoành
𨱔	tỗn
𩠌	tống
𩭹	tam
𩽾	án
𩾃	miễn
𪟝	tích
𪠽	đang
𪡋	nghiệm
𪡏	liên
𪢮	loan
𪣻	lũ
𪧘	cũ
𪨗	cược
𪨧	lôn
𪩘	nghiễn
𪩸	phần
𪪞	tường
𪫺	tiêm
𪭾	giản
𪮖	tuyệt
𪲔	lệ
𪴙	toàn
𪵱	lệ
𪷽	tán
𪸩	huy
𪹳	chúc
𪻐	xung
𪾢	hiện
𪾸	tần
𪿫	pháo
𫁡	lập
𫄙	củ
𫄛	câm
𫄟	thi
𫄤	đáp
𫄥	ly|sỉ
𫄧	diên
𫄨	hy
𫄬	tiết
𫄳	sỉ
𫄶	cưỡng
𫄸	huân
𫅗	phần
𫇴	sô
𫈉	gian
𫈟	trần
𫈵	tuyệt
𫉁	ái
𫉄	thự
𫊱	kiển
𫊸	kiểu
𫍙	di
𫍡	tha
𫍢	nao
𫍥	điểu
𫍪	kỵ
𫍯	hàm
𫍲	tẩu|tiểu
𫍸	phiến
𫍻	hi
𫍿	tiễn
𫎆	tông
𫎩	sâm
𫎫	đảm
𫎬	cám
𫏋	khiêu
𫏐	tạm
𫐄	ngột
𫐇	nạp
𫐈	bạt
𫐉	linh
𫐌	bình
𫐐	nghê
𫐓	nhụ
𫐖	giao
𫐘	khảm
𫓧	phu
𫓩	thung
𫓪	diên|duyên
𫓭	ương
𫓹	cơ
𫔀	luyện
𫔂	đề
𫔅	tác
𫔇	bề
𫔌	tản
𫔍	phiên
𫔔	huề
𫔭	khai
𫔯	đấu
𫔶	niết
𫕥	vẫn
𫖇	ngoa
𫖔	bại
𫖕	câu
𫖮	ỷ
𫖯	phủ
𫖸	nguyện
𫗣	tất
𫗥	hồn
𫗦	bô|bộ
𫗧	tốc
𫗪	uỷ
𫗫	hồ
𫗬	noãn
𫗭	uỷ
𫗯	hầu
𫗴	chiên
𫗵	hướng
𫘛	hãn
𫘝	khoái
𫘞	đà
𫘣	hãn
𫘤	ngai
𫘥	côn
𫘧	lục
𫘨	đề
𫘪	nguyên
𫘽	quái
𫚈	tự
𫚉	hồng
𫚋	chuyên
𫚕	sư
𫚖	tễ
𫚙	phô
𫚚	triếp
𫚢	yển
𫚤	tư
𫚥	hà
𫛚	khiên
𫛛	chi
𫛞	quyết
𫛣	duật
𫛩	yến
𫛪	như
𫛭	cuồng
𫛱	trạo
𫛲	điêu
𫛳	phục
𫛶	xích
𫛸	đề
𫜁	tế
𫜩	nhai
𫜪	giảo
𫜬	trách
𫞩	môn
𫟃	nhâm
𫠆	khuể
𫠜	nghê
𫢒	lũng
𫢙	động
𫢸	đản
𫣊	ái
𫥎	sàm
𫧯	tiết
𫧿	độc
𫫇	ác
𫫾	tần
𫭞	chuyên
𫭪	khao|nghiêu
𫮃	thiện
𫶕	vanh
𫷉	hiển
𫷮	ấm
𫷷	hân
𫸩	khu
𫺊	tê
𫺷	nản
𫼝	sưu
𫽁	liễn
𫽮	đảng
𬀩	vĩ
𬀪	hiện
𬂉	thặng
𬃀	quy
𬃘	nhị
𬄩	ẩn
𬅫	phun
𬆮	cấu
𬇕	vạn
𬇘	đoàn
𬈧	sáp
𬉼	âu
𬊈	tầm
𬊤	xiển
𬍙	trản
𬍛	lịch
𬏦	phế
𬑗	gián
𬓫	thu
𬓼	đồi
𬕄	si
𬘓	xuyên
𬘘	đãn
𬘝	chẩn
𬘡	nhân
𬘢	khoáng
𬘩	đinh
𬘬	thiến
𬘭	sâm
𬘵	căng
𬘺	thao
𬙂	diễn
𬙆	phiên
𬙊	mặc
𬙋	tương
𬙎	lư
𬛼	dư
𬜨	uế
𬞕	lan
𬞟	bình|tần
𬟪	khích
𬟽	đông
𬠅	đương
𬡇	niểu
𬡒	giáp
𬢊	tư
𬢋	thiếu
𬢎	đổ
𬢪	trù
𬣀	nguỵ
𬣙	hu
𬣣	chú
𬣱	thù
𬤀	hào
𬤊	thị
𬤎	huyên
𬤐	ca
𬤙	hô
𬤛	siểm
𬤣	đỗi
𬤥	soạn
𬤨	táo
𬤫	gào|hào
𬤮	tán
𬤰	hoan
𬧀	thương
𬨈	vãn
𬨍	cát
𬨎	du
𬩽	tầm
𬩾	lai
𬪍	mậu
𬪨	trản
𬪩	nùng
𬬧	hạn
𬬪	khấu
𬬰	thương
𬬸	thuật
𬬺	sừ
𬬻	lò
𬬿	chiêu
𬭁	mẫu
𬭍	hàn
𬭎	hoành
𬭚	thuần
𬭤	hầu
𬭦	nậu
𬭨	chuỳ
𬭪	hạt
𬭲	toả
𬭸	lân
𬮢	hống
𬮤	hợp|hạp|cáp
𬮥	súc
𬮭	khuy
𬮱	nhân
𬮳	bản
𬮴	ám
𬮻	ổ
𬯀	tê
𬯅	hiệp
𬯎	đồi
𬱓	cừu
𬱙	phán
𬱟	ngỗi
𬱳	dụ
𬱼	khải
𬲦	tự
𬳁	hào
𬳂	chuyết
𬳍	đường
𬳳	phàm
𬳵	phi
𬳶	quynh
𬳽	sân
𬴂	phi
𬴊	lân
𬴋	thiết
𬴐	hoan
𬶍	đà
𬶏	nguy
𬶛	thiện
𬶨	ký
𬷼	nghịch
𬸅	sồ
𬸕	oanh
𬸚	nhạc
𬸣	hiên
𬸦	trạc
𬸧	yến
𬸯	tịch
𬸱	cù
𬹣	chu
𬺈	nghĩ
𭎜	đảo
𭏦	ái
𭏸	duy
𭘓	hu
𭣇	điên
𭣧	dịch
𭤎	lai
𭤰	dư
𭩚	nghĩ
𭩰	phạt
𭫀	quỹ
𭱊	hống
𮆏	lan
𮉡	lô
𮉢	trật
𮉤	quái|quai
𮉪	tưu
𮉫	nhuy
𮉬	tuý
𮉯	sái
𮔊	lưỡng
𮖁	lưỡng
𮖱	hiệt
𮙋	độc
𮝴	cô
𮝵	nhi
𮝷	phần
𮝸	xuân
𮝹	hoàn
𮝺	cát
𮣲	cang
𮣶	lự
𮤲	bí
𮧴	sướng
𮧵	vĩ
𮨵	liêu
𮩜	hải
𮩝	ế
𮩞	ý
𮪡	mang
𮪢	hãi
𮪣	tông
𮬜	quỳ
𮬤	châm
𮭨	yến
𮭪	sương
𮮇	mâu
𮰉	bằng
𮰾	lãn
𮱒	điệu
𮳴	diệp
𮶂	phùng
𮹝	đạp
𰁸	đang
𰁾	phụ
𰂋	giản
𰂎	giản
𰂭	tứ
𰃆	toản
𰃷	sương
𰃿	độc
𰅥	độc
𰇕	giáp
𰇣	hi
𰇲	thám
𰈇	thường
𰌀	oanh
𰌙	lãn
𰌷	vĩ
𰎎	lung
𰎑	nghiệp
𰎖	trắc
𰎠	nham
𰎫	nhạc
𰏶	quái
𰑁	đoàn
𰑙	lưu
𰑥	hàn
𰑧	tàm
𰑬	chí
𰓆	ô
𰓧	tôn
𰓷	nhuyên
𰓼	sảm
𰕅	khu
𰕈	kiểu
𰕭	quái
𰗢	hồn
𰗹	túc
𰙎	liễm
𰙑	khiếu
𰛏	tùng
𰛒	đông
𰛦	uế
𰛮	lỗ
𰛲	liễm
𰜐	lãm|lạm
𰜝	dạng
𰜨	tiến
𰞇	dịch
𰟘	diễm
𰠛	tiên
𰠲	khanh
𰡊	kiêu
𰡩	kỳ
𰡻	não
𰢢	vũ
𰢤	anh
𰣬	tễ
𰣯	giản
𰤕	lịch
𰧃	giản
𰨦	tế
𰩲	lư
𰩸	kiểu
𰩹	đãng
𰩻	qua
𰪣	doanh
𰪭	trương
𰪶	đoàn
𰫽	phù
𰬈	huyền
𰬉	đà
𰬌	căng
𰬔	băng
𰬗	cầu
𰬘	phất
𰬜	miện|vấn
𰬞	xâm
𰬟	vực
𰬠	hoạch
𰬡	tiệp
𰬣	tích
𰬥	tổng
𰬩	tú
𰬪	sam
𰬫	trí
𰬮	khiên
𰬰	tổng
𰬴	tể
𰬷	tản
𰬸	tuệ
𰬻	quất
𰭔	quyến
𰭣	đạo
𰮅	hương
𰮇	hô
𰰋	sang
𰰠	tự
𰰡	mông
𰰺	thiết
𰰾	khoa
𰱇	gian
𰱈	vinh
𰱐	tục
𰱟	phần
𰱮	lư
𰱾	lại
𰲹	nghĩ
𰳵	nghệ
𰳺	nùng
𰴜	thứ
𰴣	hạc
𰴯	doanh
𰵎	vưu
𰵏	sao
𰵑	ngoa
𰵓	tuất
𰵚	linh
𰵞	vịnh
𰵡	khanh
𰵤	ách
𰵥	xỉ
𰵦	giáo
𰵧	chí
𰵲	khi
𰵹	triếp
𰵼	hoạch
𰵾	hệ
𰶊	y
𰶎	sáp
𰷠	di
𰷤	tuý
𰷥	tung
𰷧	tẫn
𰷭	tang
𰷶	kiều
𰸐	sỉ
𰸞	đồi
𰹀	đả
𰹵	nghĩ
𰹶	khuông
𰹸	đồn
𰺁	cù
𰺅	cúc
𰺉	thiến
𰺋	triếp
𰺍	quả
𰺎	bài
𰺏	bành
𰺓	phúc
𰺗	hạm
𰺙	sắc
𰺛	lảo
𰺞	sạn
𰺲	đãng
𰺷	nhiễu
𰻆	đệ
𰻡	hứa
𰻦	vy
𰼅	dịch
𰽘	đệ
𰽚	khoáng|quặng
𰽡	nhật
𰽭	câu
𰽵	quang
𰽼	bính
𰾁	cống|hống
𰾄	môi
𰾅	hàm
𰾆	dụ
𰾍	biểu
𰾎	phê
𰾓	thạp
𰾕	diệp
𰾗	châm
𰾜	đoan
𰾞	tông
𰾫	giám
𰾮	liêm
𰾶	huệ
𰾹	tuyên
𰾽	chúc
𰿂	tu
𰿆	khoan|toàn|toản
𰿬	phanh
𰿻	hấp
𰿾	tịch
𱁶	thiên
𱂊	nhiếp
𱂋	độc
𱂐	vận
𱂥	ngạch
𱂨	át
𱂬	quỳ
𱂯	tuỵ
𱂱	kham
𱂲	tai
𱂴	giảng
𱂻	tiều
𱃗	đài
𱃲	ứ
𱃴	phạn
𱃺	thiểm
𱃽	ách
𱃿	đàm
𱄀	phân
𱄄	hối
𱄆	xí
𱄼	chú
𱄽	trách
𱅇	trân
𱅈	bật
𱅊	chí
𱅋	nhĩ
𱅐	bác
𱅕	lai
𱅙	thoái
𱅚	xá
𱅛	đàn
𱅜	yểu
𱅞	hà
𱅪	đàm
𱅫	duật
𱅮	hiêu
𱆆	man
𱇐	nguyên
𱇝	phi
𱇢	cổn
𱇩	kiểu
𱇭	lai
𱇱	du
𱈄	hầu
𱈐	chuyên
𱈘	thường
𱈚	ngạc
𱈜	tiên
𱉇	ất
𱉐	quyết
𱉔	quyết
𱉢	ấu
𱉨	nha
𱉱	côn
𱉹	hy
𱊅	chuy
𱊈	nghịch
𱊡	diểu
𱊭	dư
𱊰	ý
𱊱	địch
𱋋	khứ
𱋐	khúc
𱌄	tri
𱌇	ba
𱌊	xương
𱌖	nông
𱌗	tễ
𱌫	nghiễn
𱌬	trách
𱌮	xuất
𱌶	châu
𱌹	ngu
